year,period,industry_name,births,deaths,net_jobs,survival_rate
2005,Q01,Construction,294.7,250.3,44.39999999999998,0.5407339449541284
2005,Q01,Education and health services,302.8,263.0,39.80000000000001,0.5351714386709086
2005,Q01,Financial activities,256.3,236.3,20.0,0.5203004466098254
2005,Q01,Goods-producing,438.3,489.2,-50.89999999999998,0.47256064690026955
2005,Q01,Information,51.8,96.89999999999999,-45.099999999999994,0.34835238735709484
2005,Q01,Leisure and hospitality,438.59999999999997,302.9,135.7,0.5915037086985839
2005,Q01,Manufacturing,100.2,195.7,-95.49999999999999,0.33862791483609334
2005,Q01,Natural resources and mining,59.300000000000004,59.5,-0.19999999999999574,0.49915824915824913
2005,Q01,Other services (except public administration),129.8,115.2,14.600000000000009,0.529795918367347
2005,Q01,Professional and business services,471.5,494.1,-22.600000000000023,0.4882974316487158
2005,Q01,Retail trade,315.4,277.40000000000003,37.99999999999994,0.532051282051282
2005,Q01,Service-providing,2164.9,2004.1,160.80000000000018,0.5192852002878389
2005,Q01,Total private,2617916.1,2501700.3,116215.80000000028,0.5113500495857463
2005,Q01,Transportation and warehousing,84.7,101.0,-16.299999999999997,0.45611200861604745
2005,Q01,Utilities,5.9,5.9,0.0,0.5
2005,Q01,Wholesale trade,147.6,146.3,1.299999999999983,0.5022116366110922
2005,Q02,Construction,286.7,216.5,70.19999999999999,0.5697535771065183
2005,Q02,Education and health services,277.4,219.1,58.29999999999998,0.558710976837865
2005,Q02,Financial activities,190.1,185.5,4.599999999999994,0.5061235356762512
2005,Q02,Goods-producing,401.3,362.6,38.69999999999999,0.5253305406466815
2005,Q02,Information,49.8,59.1,-9.300000000000004,0.4573002754820936
2005,Q02,Leisure and hospitality,459.8,290.0,169.8,0.6132301947185916
2005,Q02,Manufacturing,84.0,123.7,-39.7,0.4044294655753491
2005,Q02,Natural resources and mining,45.5,34.2,11.299999999999997,0.5708908406524467
2005,Q02,Other services (except public administration),122.6,104.5,18.099999999999994,0.5398502862175253
2005,Q02,Professional and business services,439.2,357.7,81.5,0.5511356506462542
2005,Q02,Retail trade,300.2,230.5,69.69999999999999,0.5656679856792914
2005,Q02,Service-providing,2012.5,1624.8,387.70000000000005,0.5532950265306683
2005,Q02,Total private,2420647.7,1992219.0,428428.7000000002,0.5485431273054316
2005,Q02,Transportation and warehousing,80.0,81.5,-1.5,0.4953560371517028
2005,Q02,Utilities,2.4,2.4,0.0,0.5
2005,Q02,Wholesale trade,127.8,123.0,4.799999999999997,0.5095693779904306
2005,Q03,Construction,286.3,233.0,53.30000000000001,0.5513190833814752
2005,Q03,Education and health services,283.4,233.2,50.19999999999999,0.5485869144405731
2005,Q03,Financial activities,198.20000000000002,159.29999999999998,38.900000000000034,0.5544055944055944
2005,Q03,Goods-producing,403.1,379.9,23.200000000000045,0.5148148148148148
2005,Q03,Information,53.9,49.699999999999996,4.200000000000003,0.5202702702702703
2005,Q03,Leisure and hospitality,447.5,310.7,136.8,0.5902136639409127
2005,Q03,Manufacturing,85.8,124.7,-38.900000000000006,0.40760095011876485
2005,Q03,Natural resources and mining,45.4,34.2,11.199999999999996,0.5703517587939698
2005,Q03,Other services (except public administration),113.10000000000001,108.8,4.300000000000011,0.5096890491212258
2005,Q03,Professional and business services,429.7,416.2,13.5,0.5079796666272609
2005,Q03,Retail trade,319.3,265.09999999999997,54.200000000000045,0.54637234770705
2005,Q03,Service-providing,2003.5,1727.1000000000001,276.39999999999986,0.5370449793598885
2005,Q03,Total private,2417113.5,2126751.2,290362.2999999998,0.5319510283833935
2005,Q03,Transportation and warehousing,68.2,79.9,-11.700000000000003,0.4604996623902768
2005,Q03,Utilities,2.4,2.4,0.0,0.5
2005,Q03,Wholesale trade,122.7,129.2,-6.499999999999986,0.4870980547836444
2005,Q04,Construction,268.8,219.6,49.20000000000002,0.5503685503685504
2005,Q04,Education and health services,272.2,223.1,49.099999999999994,0.5495659196446598
2005,Q04,Financial activities,204.9,166.6,38.30000000000001,0.5515477792732167
2005,Q04,Goods-producing,379.9,358.8,21.099999999999966,0.5142818464870719
2005,Q04,Information,45.5,48.9,-3.3999999999999986,0.4819915254237288
2005,Q04,Leisure and hospitality,432.2,302.4,129.8,0.5883473999455486
2005,Q04,Manufacturing,81.8,113.6,-31.799999999999997,0.4186284544524054
2005,Q04,Natural resources and mining,43.3,37.3,6.0,0.5372208436724566
2005,Q04,Other services (except public administration),111.10000000000001,101.5,9.600000000000009,0.5225776105362182
2005,Q04,Professional and business services,429.4,349.8,79.59999999999997,0.5510780287474332
2005,Q04,Retail trade,324.2,236.7,87.5,0.5779996434302015
2005,Q04,Service-providing,1983.6,1602.0,381.5999999999999,0.5532128514056225
2005,Q04,Total private,2362426.4,1964693.9,397732.5,0.5459581052091388
2005,Q04,Transportation and warehousing,76.3,72.7,3.5999999999999943,0.5120805369127517
2005,Q04,Utilities,1.2,8.2,-6.999999999999999,0.12765957446808512
2005,Q04,Wholesale trade,121.6,121.0,0.5999999999999943,0.5012366034624897
2006,Q01,Construction,306.6,246.8,59.80000000000001,0.5540296349837368
2006,Q01,Education and health services,314.3,252.7,61.60000000000002,0.554320987654321
2006,Q01,Financial activities,212.6,196.8,15.799999999999983,0.5192965315095261
2006,Q01,Goods-producing,436.3,398.5,37.80000000000001,0.522640153330139
2006,Q01,Information,54.6,71.1,-16.499999999999993,0.4343675417661098
2006,Q01,Leisure and hospitality,457.59999999999997,302.6,154.99999999999994,0.6019468560905025
2006,Q01,Manufacturing,95.1,124.9,-29.80000000000001,0.43227272727272725
2006,Q01,Natural resources and mining,49.7,40.3,9.400000000000006,0.5522222222222223
2006,Q01,Other services (except public administration),120.39999999999999,113.2,7.199999999999989,0.5154109589041096
2006,Q01,Professional and business services,489.7,424.2,65.5,0.5358354305722727
2006,Q01,Retail trade,301.2,281.40000000000003,19.799999999999955,0.5169927909371781
2006,Q01,Service-providing,2129.9,1828.8,301.10000000000014,0.5380301614166267
2006,Q01,Total private,2567996.9,2226957.7,341039.1999999997,0.5355622970861914
2006,Q01,Transportation and warehousing,78.7,73.1,5.6000000000000085,0.5184453227931488
2006,Q01,Utilities,3.6,3.6,0.0,0.5
2006,Q01,Wholesale trade,136.3,143.0,-6.699999999999989,0.4880057286072324
2006,Q02,Construction,280.0,231.1,48.900000000000006,0.5478379964781843
2006,Q02,Education and health services,265.6,220.2,45.400000000000034,0.5467270481679704
2006,Q02,Financial activities,202.4,182.2,20.200000000000017,0.5262610504420177
2006,Q02,Goods-producing,402.90000000000003,374.1,28.80000000000001,0.5185328185328186
2006,Q02,Information,51.8,52.9,-1.1000000000000014,0.4947468958930277
2006,Q02,Leisure and hospitality,448.5,290.1,158.39999999999998,0.6072298943948009
2006,Q02,Manufacturing,88.2,117.6,-29.39999999999999,0.42857142857142855
2006,Q02,Natural resources and mining,49.7,38.2,11.5,0.565415244596132
2006,Q02,Other services (except public administration),117.2,102.5,14.700000000000003,0.5334547109695039
2006,Q02,Professional and business services,463.1,370.9,92.20000000000005,0.5552757793764989
2006,Q02,Retail trade,331.4,257.9,73.5,0.5623621245545563
2006,Q02,Service-providing,2055.4,1651.1000000000001,404.29999999999995,0.5545393228112775
2006,Q02,Total private,2457504.6,2027899.8,429604.80000000005,0.547889193670029
2006,Q02,Transportation and warehousing,77.7,72.0,5.700000000000003,0.5190380761523047
2006,Q02,Utilities,2.4,2.4,0.0,0.5
2006,Q02,Wholesale trade,129.7,128.29999999999998,1.4000000000000057,0.5027131782945736
2006,Q03,Construction,250.8,243.5,7.300000000000011,0.5073841796479871
2006,Q03,Education and health services,264.9,223.5,41.39999999999998,0.5423832923832924
2006,Q03,Financial activities,183.3,178.1,5.200000000000017,0.5071942446043166
2006,Q03,Goods-producing,360.3,386.5,-26.19999999999999,0.4824584895554366
2006,Q03,Information,48.7,49.699999999999996,-0.9999999999999929,0.4949186991869919
2006,Q03,Leisure and hospitality,421.7,302.3,119.39999999999998,0.5824585635359116
2006,Q03,Manufacturing,79.7,114.6,-34.89999999999999,0.41019042717447246
2006,Q03,Natural resources and mining,43.2,42.1,1.1000000000000014,0.5064478311840562
2006,Q03,Other services (except public administration),106.5,112.0,-5.5,0.4874141876430206
2006,Q03,Professional and business services,392.2,368.0,24.19999999999999,0.5159168639831623
2006,Q03,Retail trade,313.09999999999997,272.3,40.799999999999955,0.5348479672019132
2006,Q03,Service-providing,1888.9,1673.3,215.60000000000014,0.5302621975183875
2006,Q03,Total private,2255346.7,2081633.0,173713.7000000002,0.5200270363266861
2006,Q03,Transportation and warehousing,70.0,69.4,0.5999999999999943,0.5021520803443328
2006,Q03,Utilities,2.4,2.4,0.0,0.5
2006,Q03,Wholesale trade,119.2,125.3,-6.099999999999994,0.48752556237218814
2006,Q04,Construction,245.9,223.1,22.80000000000001,0.5243070362473348
2006,Q04,Education and health services,269.9,222.2,47.69999999999999,0.5484657589920747
2006,Q04,Financial activities,194.2,173.0,21.19999999999999,0.5288671023965141
2006,Q04,Goods-producing,355.3,353.09999999999997,2.2000000000000455,0.501552795031056
2006,Q04,Information,50.5,47.8,2.700000000000003,0.513733468972533
2006,Q04,Leisure and hospitality,437.0,279.0,158.0,0.6103351955307262
2006,Q04,Manufacturing,77.0,106.6,-29.599999999999994,0.41938997821350765
2006,Q04,Natural resources and mining,46.4,36.0,10.399999999999999,0.5631067961165048
2006,Q04,Other services (except public administration),110.0,101.5,8.5,0.5200945626477541
2006,Q04,Professional and business services,427.2,330.5,96.69999999999999,0.563811534908275
2006,Q04,Retail trade,325.3,232.6,92.70000000000002,0.5830794049112744
2006,Q04,Service-providing,1984.3,1546.8,437.5,0.5619495341395033
2006,Q04,Total private,2341198.1,1908558.5,432639.6000000001,0.5509016916404107
2006,Q04,Transportation and warehousing,69.9,64.8,5.1000000000000085,0.5189309576837418
2006,Q04,Utilities,2.4,9.4,-7.0,0.20338983050847456
2006,Q04,Wholesale trade,120.3,113.6,6.700000000000003,0.5143223599828987
2007,Q01,Construction,264.2,267.8,-3.6000000000000227,0.49661654135338346
2007,Q01,Education and health services,311.7,248.7,63.0,0.5562098501070664
2007,Q01,Financial activities,211.1,216.5,-5.400000000000006,0.4936856875584658
2007,Q01,Goods-producing,389.5,431.2,-41.69999999999999,0.4745948580480078
2007,Q01,Information,52.6,57.7,-5.100000000000001,0.47688123300090657
2007,Q01,Leisure and hospitality,443.2,282.1,161.09999999999997,0.6110574934509858
2007,Q01,Manufacturing,91.1,131.0,-39.900000000000006,0.410175596578118
2007,Q01,Natural resources and mining,48.6,47.5,1.1000000000000014,0.5057232049947972
2007,Q01,Other services (except public administration),119.2,114.1,5.1000000000000085,0.5109301328761251
2007,Q01,Professional and business services,464.2,464.5,-0.30000000000001137,0.4998384839022289
2007,Q01,Retail trade,299.1,286.2,12.900000000000034,0.5110199897488468
2007,Q01,Service-providing,2099.6,1862.8,236.79999999999995,0.5298808802745811
2007,Q01,Total private,2498284.5,2296370.3,201914.2000000002,0.5210561769744091
2007,Q01,Transportation and warehousing,78.6,75.0,3.5999999999999943,0.51171875
2007,Q01,Utilities,2.4,2.4,0.0,0.5
2007,Q01,Wholesale trade,149.8,143.9,5.900000000000006,0.5100442628532516
2007,Q02,Construction,273.4,239.70000000000002,33.69999999999996,0.5328396024166828
2007,Q02,Education and health services,265.9,221.1,44.79999999999998,0.5459958932238193
2007,Q02,Financial activities,166.9,195.79999999999998,-28.899999999999977,0.460159911772815
2007,Q02,Goods-producing,378.5,381.5,-3.0,0.4980263157894737
2007,Q02,Information,48.699999999999996,47.7,0.9999999999999929,0.5051867219917011
2007,Q02,Leisure and hospitality,452.2,303.0,149.2,0.5987817796610169
2007,Q02,Manufacturing,71.4,112.6,-41.19999999999999,0.3880434782608696
2007,Q02,Natural resources and mining,47.5,43.3,4.200000000000003,0.5231277533039648
2007,Q02,Other services (except public administration),109.8,98.3,11.5,0.5276309466602594
2007,Q02,Professional and business services,407.3,411.3,-4.0,0.4975568043000244
2007,Q02,Retail trade,270.6,229.6,41.00000000000003,0.5409836065573771
2007,Q02,Service-providing,1885.8,1679.1000000000001,206.69999999999982,0.5289909955398469
2007,Q02,Total private,2276202.4,2059929.2,216273.19999999995,0.5249384958703744
2007,Q02,Transportation and warehousing,71.9,67.3,4.6000000000000085,0.5165229885057472
2007,Q02,Utilities,2.4,2.4,0.0,0.5
2007,Q02,Wholesale trade,119.2,128.1,-8.899999999999991,0.4820056611403154
2007,Q03,Construction,236.4,251.3,-14.900000000000006,0.48472421570637686
2007,Q03,Education and health services,293.5,229.4,64.1,0.5612927902084529
2007,Q03,Financial activities,174.0,214.4,-40.400000000000006,0.4479917610710608
2007,Q03,Goods-producing,340.1,382.7,-42.599999999999966,0.4705312672938573
2007,Q03,Information,49.6,45.5,4.100000000000001,0.5215562565720295
2007,Q03,Leisure and hospitality,429.9,305.2,124.69999999999999,0.5848183920555027
2007,Q03,Manufacturing,72.0,102.2,-30.200000000000003,0.4133180252583238
2007,Q03,Natural resources and mining,45.2,43.1,2.1000000000000014,0.5118912797281993
2007,Q03,Other services (except public administration),111.0,106.8,4.200000000000003,0.5096418732782368
2007,Q03,Professional and business services,418.3,386.3,32.0,0.5198856574695501
2007,Q03,Retail trade,325.09999999999997,236.8,88.29999999999995,0.5785726997686421
2007,Q03,Service-providing,1960.1000000000001,1696.3,263.8000000000002,0.5360737337271634
2007,Q03,Total private,2311221.2,2094503.1,216718.1000000001,0.5245950592051345
2007,Q03,Transportation and warehousing,65.7,69.4,-3.700000000000003,0.48630643967431525
2007,Q03,Utilities,2.4,2.4,0.0,0.5
2007,Q03,Wholesale trade,121.3,126.2,-4.900000000000006,0.4901010101010101
2007,Q04,Construction,211.4,249.4,-38.0,0.4587673611111111
2007,Q04,Education and health services,272.5,202.8,69.69999999999999,0.5733221123500947
2007,Q04,Financial activities,172.4,206.2,-33.79999999999998,0.45536185948230323
2007,Q04,Goods-producing,310.5,374.9,-64.39999999999998,0.45302013422818793
2007,Q04,Information,54.5,47.8,6.700000000000003,0.5327468230694037
2007,Q04,Leisure and hospitality,428.6,294.09999999999997,134.50000000000006,0.5930538259305382
2007,Q04,Manufacturing,68.7,100.5,-31.799999999999997,0.4060283687943263
2007,Q04,Natural resources and mining,43.2,38.9,4.300000000000004,0.5261875761266749
2007,Q04,Other services (except public administration),102.5,99.3,3.200000000000003,0.5079286422200198
2007,Q04,Professional and business services,436.8,350.5,86.30000000000001,0.5548075701765528
2007,Q04,Retail trade,287.8,221.5,66.30000000000001,0.5650893383074809
2007,Q04,Service-providing,1908.1000000000001,1589.9,318.20000000000005,0.5454831332189823
2007,Q04,Total private,2215114.8,1974175.1,240939.69999999972,0.5287566277043754
2007,Q04,Transportation and warehousing,63.3,69.8,-6.5,0.4755822689706987
2007,Q04,Utilities,2.4,1.2,1.2,0.6666666666666667
2007,Q04,Wholesale trade,117.3,120.8,-3.5,0.49265014699706006
2008,Q01,Construction,227.8,293.4,-65.59999999999997,0.4370683039140445
2008,Q01,Education and health services,328.8,248.79999999999998,80.00000000000003,0.5692520775623269
2008,Q01,Financial activities,208.0,266.5,-58.5,0.4383561643835616
2008,Q01,Goods-producing,355.9,460.3,-104.40000000000003,0.43604508698848315
2008,Q01,Information,60.6,71.0,-10.399999999999999,0.46048632218844987
2008,Q01,Leisure and hospitality,455.1,326.7,128.40000000000003,0.5821181887950884
2008,Q01,Manufacturing,93.1,135.3,-42.20000000000002,0.40761821366024514
2008,Q01,Natural resources and mining,48.4,47.4,1.0,0.5052192066805845
2008,Q01,Other services (except public administration),117.2,116.39999999999999,0.8000000000000114,0.5017123287671234
2008,Q01,Professional and business services,482.3,489.1,-6.800000000000011,0.4964998970557957
2008,Q01,Retail trade,294.90000000000003,265.40000000000003,29.5,0.5263251829377119
2008,Q01,Service-providing,2129.5,1986.4,143.0999999999999,0.5173838042712409
2008,Q01,Total private,2494681.2,2444790.1,49891.10000000009,0.5050502469768373
2008,Q01,Transportation and warehousing,71.8,78.0,-6.200000000000003,0.4793057409879839
2008,Q01,Utilities,4.8,2.4,2.4,0.6666666666666667
2008,Q01,Wholesale trade,138.1,153.3,-15.200000000000017,0.4739190116678106
2008,Q02,Construction,216.8,275.9,-59.099999999999966,0.44002435559163794
2008,Q02,Education and health services,275.4,226.0,49.39999999999998,0.549262066214599
2008,Q02,Financial activities,158.3,207.7,-49.39999999999998,0.4325136612021858
2008,Q02,Goods-producing,328.7,411.8,-83.10000000000002,0.4438892640108035
2008,Q02,Information,47.4,62.9,-15.5,0.42973708068902994
2008,Q02,Leisure and hospitality,423.2,300.4,122.80000000000001,0.5848535102266446
2008,Q02,Manufacturing,76.0,111.9,-35.900000000000006,0.40447046301224054
2008,Q02,Natural resources and mining,49.4,38.8,10.600000000000001,0.5600907029478459
2008,Q02,Other services (except public administration),113.89999999999999,106.9,6.999999999999986,0.5158514492753623
2008,Q02,Professional and business services,415.2,442.0,-26.80000000000001,0.484367708819412
2008,Q02,Retail trade,277.7,254.1,23.599999999999994,0.5221887927792404
2008,Q02,Service-providing,1878.7,1796.6,82.10000000000014,0.511169156259353
2008,Q02,Total private,2211511.7,2203035.5,8476.200000000186,0.5009600305100373
2008,Q02,Transportation and warehousing,65.2,83.6,-18.39999999999999,0.4381720430107527
2008,Q02,Utilities,2.4,2.4,0.0,0.5
2008,Q02,Wholesale trade,120.2,141.0,-20.799999999999997,0.46018376722817766
2008,Q03,Construction,197.9,284.5,-86.6,0.410240464344942
2008,Q03,Education and health services,287.7,221.8,65.89999999999998,0.5646712463199215
2008,Q03,Financial activities,141.9,208.6,-66.69999999999999,0.4048502139800286
2008,Q03,Goods-producing,290.8,416.0,-125.19999999999999,0.41143180531975104
2008,Q03,Information,42.5,53.699999999999996,-11.199999999999996,0.44178794178794184
2008,Q03,Leisure and hospitality,390.8,331.9,58.900000000000034,0.5407499654074996
2008,Q03,Manufacturing,62.4,107.9,-45.50000000000001,0.36641221374045796
2008,Q03,Natural resources and mining,42.1,38.7,3.3999999999999986,0.521039603960396
2008,Q03,Other services (except public administration),103.3,106.89999999999999,-3.5999999999999943,0.49143672692673646
2008,Q03,Professional and business services,376.4,411.9,-35.5,0.47748319167829506
2008,Q03,Retail trade,278.5,250.3,28.19999999999999,0.5266641452344932
2008,Q03,Service-providing,1770.3999999999999,1767.6,2.7999999999999545,0.5003957037874505
2008,Q03,Total private,2066605.7,2195431.6,-128825.90000000014,0.48488681692203867
2008,Q03,Transportation and warehousing,60.7,78.5,-17.799999999999997,0.43606321839080464
2008,Q03,Utilities,2.4,2.4,0.0,0.5
2008,Q03,Wholesale trade,102.3,130.7,-28.39999999999999,0.4390557939914163
2008,Q04,Construction,176.5,306.9,-130.39999999999998,0.3651220521307406
2008,Q04,Education and health services,279.4,214.9,64.49999999999997,0.5652437790815295
2008,Q04,Financial activities,148.3,206.9,-58.599999999999994,0.41751126126126126
2008,Q04,Goods-producing,264.8,446.0,-181.2,0.3725379853685988
2008,Q04,Information,45.4,58.6,-13.200000000000003,0.43653846153846154
2008,Q04,Leisure and hospitality,403.1,333.2,69.90000000000003,0.5474670650550049
2008,Q04,Manufacturing,59.4,116.2,-56.800000000000004,0.33826879271070615
2008,Q04,Natural resources and mining,40.9,38.8,2.1000000000000014,0.5131744040150565
2008,Q04,Other services (except public administration),93.9,114.5,-20.599999999999994,0.45057581573896355
2008,Q04,Professional and business services,377.9,433.2,-55.30000000000001,0.4659104919245469
2008,Q04,Retail trade,238.0,259.40000000000003,-21.400000000000034,0.4784881383192601
2008,Q04,Service-providing,1724.5,1806.9,-82.40000000000009,0.48833323894206265
2008,Q04,Total private,1990349.7,2261074.4,-270724.69999999995,0.46816070408031046
2008,Q04,Transportation and warehousing,59.6,77.6,-17.999999999999993,0.4344023323615161
2008,Q04,Utilities,2.4,2.4,0.0,0.5
2008,Q04,Wholesale trade,100.3,138.0,-37.7,0.42089802769618123
2009,Q01,Construction,170.5,340.5,-170.0,0.3336594911937378
2009,Q01,Education and health services,291.5,241.3,50.19999999999999,0.5471096096096096
2009,Q01,Financial activities,153.2,229.0,-75.80000000000001,0.4008372579801151
2009,Q01,Goods-producing,260.7,499.7,-239.0,0.342845870594424
2009,Q01,Information,57.6,73.6,-15.999999999999993,0.4390243902439025
2009,Q01,Leisure and hospitality,377.5,315.8,61.69999999999999,0.5444973316024809
2009,Q01,Manufacturing,61.1,133.5,-72.4,0.31397738951695786
2009,Q01,Natural resources and mining,41.1,45.1,-4.0,0.4767981438515081
2009,Q01,Other services (except public administration),99.1,116.8,-17.700000000000003,0.4590088003705419
2009,Q01,Professional and business services,394.0,502.4,-108.39999999999998,0.4395359214636323
2009,Q01,Retail trade,245.2,387.09999999999997,-141.89999999999998,0.38779060572513047
2009,Q01,Service-providing,1767.5,2085.1,-317.5999999999999,0.45878108290505115
2009,Q01,Total private,2034771.5,2579931.8,-545160.2999999998,0.4409322480168985
2009,Q01,Transportation and warehousing,65.0,94.1,-29.099999999999994,0.40854808296668765
2009,Q01,Utilities,2.4,3.6,-1.2000000000000002,0.39999999999999997
2009,Q01,Wholesale trade,108.60000000000001,160.6,-51.999999999999986,0.40341753343239234
2009,Q02,Construction,169.8,261.1,-91.30000000000001,0.3940589463912741
2009,Q02,Education and health services,288.2,216.8,71.39999999999998,0.5706930693069306
2009,Q02,Financial activities,136.9,175.8,-38.900000000000006,0.43779980812280134
2009,Q02,Goods-producing,255.8,402.6,-146.8,0.3885176184690158
2009,Q02,Information,37.4,47.4,-10.0,0.4410377358490566
2009,Q02,Leisure and hospitality,393.1,270.7,122.40000000000003,0.5921964447122628
2009,Q02,Manufacturing,57.6,117.8,-60.199999999999996,0.32839224629418473
2009,Q02,Natural resources and mining,41.1,40.1,1.0,0.5061576354679803
2009,Q02,Other services (except public administration),101.4,98.5,2.9000000000000057,0.5072536268134067
2009,Q02,Professional and business services,366.4,421.6,-55.200000000000045,0.4649746192893401
2009,Q02,Retail trade,222.9,245.0,-22.099999999999994,0.47638384270143197
2009,Q02,Service-providing,1690.4,1662.6,27.800000000000182,0.5041455413062929
2009,Q02,Total private,1945314.0,2064350.0,-119036.0,0.4851563622288551
2009,Q02,Transportation and warehousing,64.1,83.1,-19.0,0.43546195652173914
2009,Q02,Utilities,2.4,2.4,0.0,0.5
2009,Q02,Wholesale trade,94.0,133.3,-39.30000000000001,0.41355037395512534
2009,Q03,Construction,154.3,252.9,-98.6,0.3789292730844794
2009,Q03,Education and health services,281.9,222.9,58.99999999999997,0.5584389857369255
2009,Q03,Financial activities,120.3,176.8,-56.500000000000014,0.4049141703130259
2009,Q03,Goods-producing,230.5,389.6,-159.10000000000002,0.37171423963876793
2009,Q03,Information,33.7,47.7,-14.0,0.414004914004914
2009,Q03,Leisure and hospitality,358.5,268.9,89.60000000000002,0.5714058017213899
2009,Q03,Manufacturing,49.0,114.8,-65.8,0.29914529914529914
2009,Q03,Natural resources and mining,38.9,37.8,1.1000000000000014,0.5071707953063885
2009,Q03,Other services (except public administration),89.7,98.6,-8.899999999999991,0.47636749867233136
2009,Q03,Professional and business services,327.8,376.0,-48.19999999999999,0.46575731741972154
2009,Q03,Retail trade,218.70000000000002,236.9,-18.19999999999999,0.4800263388937665
2009,Q03,Service-providing,1552.8,1607.4,-54.600000000000136,0.4913613062464401
2009,Q03,Total private,1788099.1,2001964.6,-213865.5,0.4717860282928754
2009,Q03,Transportation and warehousing,51.3,74.9,-23.60000000000001,0.40649762282091917
2009,Q03,Utilities,2.4,2.4,0.0,0.5
2009,Q03,Wholesale trade,88.8,127.9,-39.10000000000001,0.4097831102907245
2009,Q04,Construction,160.0,229.0,-69.0,0.41131105398457585
2009,Q04,Education and health services,264.4,229.6,34.79999999999998,0.5352226720647772
2009,Q04,Financial activities,138.4,155.8,-17.400000000000006,0.4704282800815771
2009,Q04,Goods-producing,242.9,345.6,-102.70000000000002,0.4127442650807137
2009,Q04,Information,39.5,39.6,-0.10000000000000142,0.49936788874841975
2009,Q04,Leisure and hospitality,346.6,257.5,89.10000000000002,0.5737460685317001
2009,Q04,Manufacturing,54.300000000000004,92.8,-38.49999999999999,0.36913664174031274
2009,Q04,Natural resources and mining,41.1,38.9,2.200000000000003,0.51375
2009,Q04,Other services (except public administration),88.9,92.10000000000001,-3.200000000000003,0.49116022099447515
2009,Q04,Professional and business services,355.8,346.1,9.699999999999989,0.5069098162131357
2009,Q04,Retail trade,195.6,197.3,-1.700000000000017,0.49783659964367527
2009,Q04,Service-providing,1553.2,1464.8,88.40000000000009,0.5146454605699139
2009,Q04,Total private,1795939.8,1817521.7,-21581.899999999907,0.49701368064942714
2009,Q04,Transportation and warehousing,49.3,63.699999999999996,-14.399999999999999,0.43628318584070797
2009,Q04,Utilities,2.4,2.4,0.0,0.5
2009,Q04,Wholesale trade,92.1,107.7,-15.600000000000009,0.4609609609609609
2010,Q01,Construction,174.4,245.2,-70.79999999999998,0.4156339370829361
2010,Q01,Education and health services,277.0,269.7,7.300000000000011,0.5066764221693799
2010,Q01,Financial activities,142.3,191.5,-49.19999999999999,0.4263031755542241
2010,Q01,Goods-producing,263.3,388.6,-125.30000000000001,0.4038963031139745
2010,Q01,Information,42.8,47.5,-4.700000000000003,0.4739756367663344
2010,Q01,Leisure and hospitality,356.7,270.0,86.69999999999999,0.569171852561034
2010,Q01,Manufacturing,64.7,120.7,-56.0,0.348975188781014
2010,Q01,Natural resources and mining,36.9,39.1,-2.200000000000003,0.48552631578947364
2010,Q01,Other services (except public administration),103.6,100.7,2.8999999999999915,0.5070974057758199
2010,Q01,Professional and business services,403.1,407.9,-4.7999999999999545,0.4970406905055487
2010,Q01,Retail trade,211.9,225.9,-14.0,0.4840109639104614
2010,Q01,Service-providing,1685.1,1687.8,-2.7000000000000455,0.4995997509561505
2010,Q01,Total private,1951769.3,2073115.9,-121346.59999999986,0.4849254582466104
2010,Q01,Transportation and warehousing,59.5,70.3,-10.799999999999997,0.4583975346687211
2010,Q01,Utilities,2.4,2.4,0.0,0.5
2010,Q01,Wholesale trade,113.0,132.1,-19.099999999999994,0.4610363117095063
2010,Q02,Construction,181.2,190.3,-9.100000000000023,0.4877523553162853
2010,Q02,Education and health services,239.5,222.4,17.099999999999994,0.5185105001082486
2010,Q02,Financial activities,118.4,147.6,-29.19999999999999,0.44511278195488724
2010,Q02,Goods-producing,273.7,286.3,-12.600000000000023,0.48874999999999996
2010,Q02,Information,39.8,37.7,2.0999999999999943,0.5135483870967742
2010,Q02,Leisure and hospitality,369.8,231.2,138.60000000000002,0.6153078202995008
2010,Q02,Manufacturing,55.6,78.4,-22.800000000000004,0.41492537313432837
2010,Q02,Natural resources and mining,50.6,30.6,20.0,0.6231527093596059
2010,Q02,Other services (except public administration),97.2,86.8,10.400000000000006,0.5282608695652175
2010,Q02,Professional and business services,380.8,336.9,43.900000000000034,0.5305838093911105
2010,Q02,Retail trade,211.9,175.8,36.099999999999994,0.5465566159401599
2010,Q02,Service-providing,1588.8,1377.5,211.29999999999995,0.5356167616222229
2010,Q02,Total private,1855949.9,1658965.8,196984.09999999986,0.5280211698960517
2010,Q02,Transportation and warehousing,56.5,56.5,0.0,0.5
2010,Q02,Utilities,2.4,2.4,0.0,0.5
2010,Q02,Wholesale trade,97.5,106.39999999999999,-8.899999999999991,0.478175576262874
2010,Q03,Construction,177.9,205.8,-27.900000000000006,0.46364347146207974
2010,Q03,Education and health services,276.5,239.2,37.30000000000001,0.5361644366879968
2010,Q03,Financial activities,116.4,168.6,-52.19999999999999,0.40842105263157896
2010,Q03,Goods-producing,262.5,316.8,-54.30000000000001,0.45313309166235116
2010,Q03,Information,38.7,41.5,-2.799999999999997,0.48254364089775564
2010,Q03,Leisure and hospitality,361.6,252.4,109.20000000000002,0.5889250814332248
2010,Q03,Manufacturing,56.6,83.4,-26.800000000000004,0.4042857142857143
2010,Q03,Natural resources and mining,40.9,42.0,-1.1000000000000014,0.4933655006031363
2010,Q03,Other services (except public administration),96.10000000000001,96.2,-0.09999999999999432,0.499739989599584
2010,Q03,Professional and business services,360.7,342.2,18.5,0.5131597666808935
2010,Q03,Retail trade,215.9,182.0,33.900000000000006,0.5425986428750943
2010,Q03,Service-providing,1602.0,1460.8,141.20000000000005,0.5230508031866266
2010,Q03,Total private,1868328.5,1791654.7,76673.80000000005,0.5104746109217113
2010,Q03,Transportation and warehousing,59.0,61.6,-2.6000000000000014,0.48922056384742957
2010,Q03,Utilities,2.4,2.4,0.0,0.5
2010,Q03,Wholesale trade,94.4,102.4,-8.0,0.4796747967479675
2010,Q04,Construction,175.4,202.9,-27.5,0.46365318530266986
2010,Q04,Education and health services,269.2,226.2,43.0,0.5433992733144933
2010,Q04,Financial activities,137.2,133.9,3.299999999999983,0.5060863150129102
2010,Q04,Goods-producing,262.9,303.7,-40.80000000000001,0.46399576420755384
2010,Q04,Information,42.6,40.8,1.8000000000000043,0.5107913669064748
2010,Q04,Leisure and hospitality,388.1,257.4,130.70000000000005,0.6012393493415957
2010,Q04,Manufacturing,56.6,79.0,-22.4,0.4174041297935103
2010,Q04,Natural resources and mining,44.1,35.7,8.399999999999999,0.5526315789473684
2010,Q04,Other services (except public administration),96.4,89.9,6.5,0.5174449812130971
2010,Q04,Professional and business services,395.8,334.7,61.10000000000002,0.5418206707734429
2010,Q04,Retail trade,232.2,178.7,53.5,0.565100997809686
2010,Q04,Service-providing,1710.5,1384.3,326.20000000000005,0.5527013054155357
2010,Q04,Total private,1973601.1,1696757.6,276843.5,0.5377134120433515
2010,Q04,Transportation and warehousing,65.6,51.3,14.299999999999997,0.561163387510693
2010,Q04,Utilities,2.4,2.4,0.0,0.5
2010,Q04,Wholesale trade,99.5,96.1,3.4000000000000057,0.5086912065439673
2011,Q01,Construction,169.8,212.8,-43.0,0.4438055410350235
2011,Q01,Education and health services,295.2,243.5,51.69999999999999,0.547985891962131
2011,Q01,Financial activities,143.3,166.4,-23.099999999999994,0.462705844365515
2011,Q01,Goods-producing,267.6,321.5,-53.89999999999998,0.4542522491936853
2011,Q01,Information,44.6,51.6,-7.0,0.46361746361746364
2011,Q01,Leisure and hospitality,359.59999999999997,262.8,96.79999999999995,0.5777634961439588
2011,Q01,Manufacturing,68.1,85.7,-17.60000000000001,0.44278283485045505
2011,Q01,Natural resources and mining,43.1,37.8,5.300000000000004,0.5327564894932014
2011,Q01,Other services (except public administration),104.8,94.3,10.5,0.526368658965344
2011,Q01,Professional and business services,406.6,403.4,3.2000000000000455,0.5019753086419754
2011,Q01,Retail trade,212.1,214.5,-2.4000000000000057,0.49718706047819966
2011,Q01,Service-providing,1723.5,1597.3999999999999,126.10000000000014,0.5189858170977748
2011,Q01,Total private,1995524.6,1910682.7,84841.90000000014,0.5108598819115412
2011,Q01,Transportation and warehousing,74.3,68.2,6.099999999999994,0.5214035087719298
2011,Q01,Utilities,3.6,2.4,1.2000000000000002,0.6
2011,Q01,Wholesale trade,111.10000000000001,123.6,-12.499999999999986,0.47337025990626336
2011,Q02,Construction,184.7,177.7,7.0,0.5096578366445916
2011,Q02,Education and health services,268.7,238.6,30.099999999999994,0.5296668637886852
2011,Q02,Financial activities,131.0,131.1,-0.09999999999999432,0.4998092331171308
2011,Q02,Goods-producing,280.9,280.1,0.7999999999999545,0.5007130124777183
2011,Q02,Information,41.6,41.5,0.10000000000000142,0.5006016847172082
2011,Q02,Leisure and hospitality,398.90000000000003,242.1,156.80000000000004,0.6223088923556943
2011,Q02,Manufacturing,57.6,77.1,-19.499999999999993,0.4276169265033408
2011,Q02,Natural resources and mining,52.5,38.8,13.700000000000003,0.5750273822562979
2011,Q02,Other services (except public administration),102.60000000000001,91.9,10.700000000000003,0.5275064267352185
2011,Q02,Professional and business services,387.2,353.1,34.099999999999966,0.5230312035661219
2011,Q02,Retail trade,219.1,196.0,23.099999999999994,0.5278246205733558
2011,Q02,Service-providing,1691.4,1435.6,255.80000000000018,0.5409018228333866
2011,Q02,Total private,1966556.2,1718331.5,248224.69999999995,0.5336814470628236
2011,Q02,Transportation and warehousing,65.0,62.0,3.0,0.5118110236220472
2011,Q02,Utilities,2.4,2.4,0.0,0.5
2011,Q02,Wholesale trade,102.6,101.4,1.1999999999999886,0.5029411764705882
2011,Q03,Construction,185.5,180.5,5.0,0.5068306010928961
2011,Q03,Education and health services,233.70000000000002,221.4,12.300000000000011,0.5135135135135135
2011,Q03,Financial activities,129.8,141.5,-11.699999999999989,0.47843715444157764
2011,Q03,Goods-producing,275.9,282.2,-6.300000000000011,0.4943558502060563
2011,Q03,Information,39.5,40.5,-1.0,0.49375
2011,Q03,Leisure and hospitality,389.8,268.7,121.10000000000002,0.5919514047076689
2011,Q03,Manufacturing,58.6,80.6,-21.999999999999993,0.42097701149425293
2011,Q03,Natural resources and mining,45.0,34.5,10.5,0.5660377358490566
2011,Q03,Other services (except public administration),104.5,93.1,11.400000000000006,0.5288461538461539
2011,Q03,Professional and business services,391.1,341.0,50.10000000000002,0.5342166370714383
2011,Q03,Retail trade,229.1,181.9,47.19999999999999,0.5574209245742092
2011,Q03,Service-providing,1665.1000000000001,1429.5,235.60000000000014,0.5380663090544819
2011,Q03,Total private,1940747.7,1717468.1,223279.59999999986,0.5305175544865341
2011,Q03,Transportation and warehousing,68.6,58.9,9.699999999999996,0.5380392156862744
2011,Q03,Utilities,2.4,2.4,0.0,0.5
2011,Q03,Wholesale trade,101.6,102.4,-0.8000000000000114,0.49803921568627446
2011,Q04,Construction,177.3,192.1,-14.799999999999983,0.47996751488900924
2011,Q04,Education and health services,253.70000000000002,203.9,49.80000000000001,0.5544143356643356
2011,Q04,Financial activities,133.4,129.8,3.5999999999999943,0.506838905775076
2011,Q04,Goods-producing,269.9,285.2,-15.300000000000011,0.48621869933345346
2011,Q04,Information,43.699999999999996,39.699999999999996,4.0,0.5239808153477218
2011,Q04,Leisure and hospitality,397.0,271.7,125.30000000000001,0.5936892477942276
2011,Q04,Manufacturing,55.6,72.1,-16.499999999999993,0.43539545810493346
2011,Q04,Natural resources and mining,50.2,34.5,15.700000000000003,0.5926800472255018
2011,Q04,Other services (except public administration),94.3,85.7,8.599999999999994,0.5238888888888888
2011,Q04,Professional and business services,395.5,330.7,64.80000000000001,0.544615808317268
2011,Q04,Retail trade,220.0,188.7,31.30000000000001,0.5382921458282359
2011,Q04,Service-providing,1691.5,1394.3,297.20000000000005,0.5481560697388035
2011,Q04,Total private,1960189.2,1685403.5,274785.69999999995,0.5376873834534505
2011,Q04,Transportation and warehousing,65.5,59.9,5.600000000000001,0.5223285486443381
2011,Q04,Utilities,2.4,2.4,0.0,0.5
2011,Q04,Wholesale trade,101.5,102.4,-0.9000000000000057,0.4977930358018636
2012,Q01,Construction,180.2,197.7,-17.5,0.4768457263826409
2012,Q01,Education and health services,380.1,226.20000000000002,153.9,0.6269173676397822
2012,Q01,Financial activities,146.6,154.0,-7.400000000000006,0.4876912840984697
2012,Q01,Goods-producing,280.8,309.8,-29.0,0.47544869624111075
2012,Q01,Information,48.6,47.5,1.1000000000000014,0.5057232049947972
2012,Q01,Leisure and hospitality,396.2,262.5,133.7,0.6014877789585547
2012,Q01,Manufacturing,68.1,81.39999999999999,-13.299999999999997,0.4555183946488294
2012,Q01,Natural resources and mining,46.0,45.0,1.0,0.5054945054945055
2012,Q01,Other services (except public administration),111.0,92.1,18.900000000000006,0.5465288035450517
2012,Q01,Professional and business services,446.9,393.3,53.599999999999966,0.5318971673411093
2012,Q01,Retail trade,232.2,202.20000000000002,29.99999999999997,0.5345303867403315
2012,Q01,Service-providing,1933.6000000000001,1540.9,392.70000000000005,0.5565117283062312
2012,Q01,Total private,2227826.8,1842995.8,384830.99999999977,0.5472669823538859
2012,Q01,Transportation and warehousing,69.9,61.9,8.000000000000007,0.5303490136570561
2012,Q01,Utilities,2.4,3.6,-1.2000000000000002,0.39999999999999997
2012,Q01,Wholesale trade,117.4,123.5,-6.099999999999994,0.48733914487339147
2012,Q02,Construction,186.6,166.0,20.599999999999994,0.5292115711854792
2012,Q02,Education and health services,283.7,228.4,55.29999999999998,0.5539933606717438
2012,Q02,Financial activities,128.0,133.0,-5.0,0.4904214559386973
2012,Q02,Goods-producing,287.9,265.7,22.19999999999999,0.5200505780346821
2012,Q02,Information,39.4,40.8,-1.3999999999999986,0.49127182044887785
2012,Q02,Leisure and hospitality,403.7,245.79999999999998,157.9,0.6215550423402617
2012,Q02,Manufacturing,59.6,70.7,-11.100000000000001,0.4574059861857252
2012,Q02,Natural resources and mining,55.4,41.8,13.600000000000001,0.5699588477366255
2012,Q02,Other services (except public administration),103.7,83.5,20.200000000000003,0.5539529914529915
2012,Q02,Professional and business services,408.2,353.0,55.19999999999999,0.5362585391487125
2012,Q02,Retail trade,236.1,171.6,64.5,0.579102281089036
2012,Q02,Service-providing,1760.6,1402.2,358.39999999999986,0.5566586568863032
2012,Q02,Total private,2047773.2,1667381.3,380391.8999999999,0.5511946273028484
2012,Q02,Transportation and warehousing,60.300000000000004,57.7,2.6000000000000014,0.5110169491525424
2012,Q02,Utilities,2.4,2.4,0.0,0.5
2012,Q02,Wholesale trade,104.4,106.3,-1.8999999999999915,0.49549121974371146
2012,Q03,Construction,178.1,174.20000000000002,3.8999999999999773,0.5055350553505534
2012,Q03,Education and health services,265.3,247.9,17.400000000000006,0.5169524551831645
2012,Q03,Financial activities,124.6,123.6,1.0,0.5020145044319098
2012,Q03,Goods-producing,272.6,272.7,-0.0999999999999659,0.4999083073537503
2012,Q03,Information,42.6,43.699999999999996,-1.0999999999999943,0.49362688296639634
2012,Q03,Leisure and hospitality,397.7,269.3,128.39999999999998,0.5962518740629685
2012,Q03,Manufacturing,56.6,68.6,-11.999999999999993,0.452076677316294
2012,Q03,Natural resources and mining,51.1,42.7,8.399999999999999,0.544776119402985
2012,Q03,Other services (except public administration),96.3,96.2,0.09999999999999432,0.5002597402597403
2012,Q03,Professional and business services,377.6,360.1,17.5,0.5118611901857123
2012,Q03,Retail trade,240.2,184.9,55.29999999999998,0.5650435191719595
2012,Q03,Service-providing,1700.1000000000001,1473.4,226.70000000000005,0.5357176618875059
2012,Q03,Total private,1981506.5,1760074.0,221432.5,0.5295907705313303
2012,Q03,Transportation and warehousing,59.2,58.7,0.5,0.5021204410517388
2012,Q03,Utilities,2.4,2.4,0.0,0.5
2012,Q03,Wholesale trade,98.1,104.4,-6.300000000000011,0.4844444444444444
2012,Q04,Construction,169.1,162.5,6.599999999999994,0.5099517490952955
2012,Q04,Education and health services,267.9,182.8,85.09999999999997,0.5944086975815398
2012,Q04,Financial activities,141.7,118.2,23.499999999999986,0.5452096960369373
2012,Q04,Goods-producing,257.7,260.5,-2.8000000000000114,0.49729834040910836
2012,Q04,Information,46.7,39.8,6.900000000000006,0.5398843930635838
2012,Q04,Leisure and hospitality,386.6,263.2,123.40000000000003,0.5949522930132349
2012,Q04,Manufacturing,55.6,72.1,-16.499999999999993,0.43539545810493346
2012,Q04,Natural resources and mining,45.8,38.5,7.299999999999997,0.5432977461447213
2012,Q04,Other services (except public administration),93.9,87.8,6.1000000000000085,0.5167859108420474
2012,Q04,Professional and business services,395.1,327.5,67.60000000000002,0.5467755327982287
2012,Q04,Retail trade,239.1,175.5,63.599999999999994,0.5767004341534008
2012,Q04,Service-providing,1728.3999999999999,1340.7,387.6999999999998,0.5631618389755955
2012,Q04,Total private,1988345.3,1608159.4,380185.90000000014,0.5528549149400528
2012,Q04,Transportation and warehousing,57.6,60.7,-3.1000000000000014,0.4868977176669484
2012,Q04,Utilities,2.4,2.4,0.0,0.5
2012,Q04,Wholesale trade,96.1,97.9,-1.8000000000000114,0.495360824742268
2013,Q01,Construction,181.1,173.3,7.799999999999983,0.5110045146726863
2013,Q01,Education and health services,262.8,284.7,-21.899999999999977,0.48000000000000004
2013,Q01,Financial activities,153.6,153.9,-0.30000000000001137,0.4995121951219512
2013,Q01,Goods-producing,281.8,287.2,-5.399999999999977,0.49525483304042184
2013,Q01,Information,47.5,49.6,-2.1000000000000014,0.4891864057672503
2013,Q01,Leisure and hospitality,381.4,260.5,120.89999999999998,0.5941735472815081
2013,Q01,Manufacturing,66.0,85.8,-19.799999999999997,0.43478260869565216
2013,Q01,Natural resources and mining,48.0,41.6,6.399999999999999,0.5357142857142857
2013,Q01,Other services (except public administration),103.5,97.4,6.099999999999994,0.5151816824290691
2013,Q01,Professional and business services,426.6,424.4,2.2000000000000455,0.5012925969447709
2013,Q01,Retail trade,226.1,204.20000000000002,21.899999999999977,0.5254473623053684
2013,Q01,Service-providing,1777.3,1647.1000000000001,130.19999999999982,0.5190106295993459
2013,Q01,Total private,2065057.3,1928623.7,136433.6000000001,0.5170811840004247
2013,Q01,Transportation and warehousing,68.3,62.7,5.599999999999994,0.5213740458015267
2013,Q01,Utilities,2.4,2.4,0.0,0.5
2013,Q01,Wholesale trade,111.9,127.6,-15.699999999999989,0.46722338204592906
2013,Q02,Construction,182.3,157.0,25.30000000000001,0.5372826407309166
2013,Q02,Education and health services,306.3,308.4,-2.099999999999966,0.49829184968277207
2013,Q02,Financial activities,131.0,129.7,1.3000000000000114,0.5024932873034139
2013,Q02,Goods-producing,274.8,253.1,21.700000000000017,0.520553135063459
2013,Q02,Information,42.6,47.8,-5.199999999999996,0.47123893805309736
2013,Q02,Leisure and hospitality,398.5,246.0,152.5,0.6183087664856478
2013,Q02,Manufacturing,59.6,72.7,-13.100000000000001,0.45049130763416473
2013,Q02,Natural resources and mining,45.8,34.4,11.399999999999999,0.5710723192019951
2013,Q02,Other services (except public administration),101.5,87.7,13.799999999999997,0.5364693446088795
2013,Q02,Professional and business services,387.7,354.90000000000003,32.799999999999955,0.5220845677349851
2013,Q02,Retail trade,225.0,177.8,47.19999999999999,0.5585898709036743
2013,Q02,Service-providing,1758.4,1496.8,261.60000000000014,0.540181862865569
2013,Q02,Total private,2031859.5,1745881.2,285978.30000000005,0.5378504406085891
2013,Q02,Transportation and warehousing,62.2,59.7,2.5,0.5102543068088597
2013,Q02,Utilities,2.4,2.4,0.0,0.5
2013,Q02,Wholesale trade,99.2,106.6,-7.3999999999999915,0.48202137998056366
2013,Q03,Construction,187.1,150.8,36.29999999999998,0.5537141166025451
2013,Q03,Education and health services,274.6,245.70000000000002,28.900000000000006,0.5277724389775129
2013,Q03,Financial activities,126.8,126.6,0.20000000000000284,0.5003946329913181
2013,Q03,Goods-producing,281.7,254.1,27.599999999999994,0.5257558790593505
2013,Q03,Information,42.6,43.699999999999996,-1.0999999999999943,0.49362688296639634
2013,Q03,Leisure and hospitality,405.5,266.2,139.3,0.6036921244603245
2013,Q03,Manufacturing,58.6,74.7,-16.1,0.4396099024756189
2013,Q03,Natural resources and mining,48.9,40.6,8.299999999999997,0.5463687150837989
2013,Q03,Other services (except public administration),99.2,94.0,5.200000000000003,0.5134575569358178
2013,Q03,Professional and business services,377.5,363.1,14.399999999999977,0.5097218471509587
2013,Q03,Retail trade,223.9,169.6,54.30000000000001,0.5689961880559086
2013,Q03,Service-providing,1736.3,1457.4,278.89999999999986,0.543664088674578
2013,Q03,Total private,2029853.5,1716144.9,313708.6000000001,0.5418724951938046
2013,Q03,Transportation and warehousing,62.2,63.8,-1.5999999999999943,0.4936507936507937
2013,Q03,Utilities,2.4,2.4,0.0,0.5
2013,Q03,Wholesale trade,97.1,105.4,-8.300000000000011,0.47950617283950614
2013,Q04,Construction,164.6,149.8,14.799999999999983,0.5235368956743003
2013,Q04,Education and health services,264.5,220.0,44.5,0.5459236326109391
2013,Q04,Financial activities,139.4,120.2,19.200000000000003,0.536979969183359
2013,Q04,Goods-producing,247.2,239.8,7.399999999999977,0.5075975359342916
2013,Q04,Information,43.6,39.699999999999996,3.9000000000000057,0.5234093637454982
2013,Q04,Leisure and hospitality,386.2,262.2,124.0,0.5956199876619371
2013,Q04,Manufacturing,55.6,65.6,-9.999999999999993,0.4587458745874588
2013,Q04,Natural resources and mining,39.5,34.6,4.899999999999999,0.5330634278002699
2013,Q04,Other services (except public administration),91.9,89.8,2.1000000000000085,0.5057787561915246
2013,Q04,Professional and business services,378.6,324.4,54.200000000000045,0.5385490753911807
2013,Q04,Retail trade,227.8,170.5,57.30000000000001,0.5719307054983681
2013,Q04,Service-providing,1731.2,1363.8,367.4000000000001,0.5593537964458805
2013,Q04,Total private,1977150.2,1609118.8,368031.3999999999,0.5513111816207875
2013,Q04,Transportation and warehousing,55.1,57.1,-2.0,0.4910873440285205
2013,Q04,Utilities,2.4,2.4,0.0,0.5
2013,Q04,Wholesale trade,88.6,101.0,-12.400000000000006,0.46729957805907174
2014,Q01,Construction,168.0,168.70000000000002,-0.700000000000017,0.4989604989604989
2014,Q01,Education and health services,243.8,256.7,-12.899999999999977,0.48711288711288714
2014,Q01,Financial activities,133.6,152.7,-19.099999999999994,0.466643381068809
2014,Q01,Goods-producing,265.2,274.7,-9.5,0.491202074458233
2014,Q01,Information,54.699999999999996,50.5,4.199999999999996,0.5199619771863118
2014,Q01,Leisure and hospitality,383.0,272.3,110.69999999999999,0.5844651304745918
2014,Q01,Manufacturing,66.0,78.1,-12.099999999999994,0.45801526717557256
2014,Q01,Natural resources and mining,43.6,40.5,3.1000000000000014,0.5184304399524376
2014,Q01,Other services (except public administration),101.1,96.3,4.799999999999997,0.5121580547112462
2014,Q01,Professional and business services,393.3,422.2,-28.899999999999977,0.48228080931943595
2014,Q01,Retail trade,212.7,200.0,12.699999999999989,0.5153864792827719
2014,Q01,Service-providing,1889.7,1624.0,265.70000000000005,0.5378091470529641
2014,Q01,Total private,2150772.9,1897444.9,253328.0,0.5312888303588804
2014,Q01,Transportation and warehousing,66.8,71.9,-5.1000000000000085,0.48161499639509736
2014,Q01,Utilities,3.6,3.6,0.0,0.5
2014,Q01,Wholesale trade,96.7,122.4,-25.700000000000003,0.4413509812870835
2014,Q02,Construction,177.8,154.0,23.80000000000001,0.5358649789029536
2014,Q02,Education and health services,261.2,261.6,-0.4000000000000341,0.4996174445294568
2014,Q02,Financial activities,120.39999999999999,128.7,-8.299999999999997,0.48334002408671217
2014,Q02,Goods-producing,261.5,248.1,13.400000000000006,0.5131475667189953
2014,Q02,Information,45.4,45.5,-0.10000000000000142,0.4994499449944994
2014,Q02,Leisure and hospitality,395.1,268.2,126.90000000000003,0.5956580732700136
2014,Q02,Manufacturing,55.6,71.0,-15.399999999999999,0.43917851500789895
2014,Q02,Natural resources and mining,40.5,35.3,5.200000000000003,0.5343007915567283
2014,Q02,Other services (except public administration),101.2,92.0,9.200000000000003,0.5238095238095238
2014,Q02,Professional and business services,373.0,363.0,10.0,0.5067934782608695
2014,Q02,Retail trade,221.7,193.9,27.799999999999983,0.5334456207892203
2014,Q02,Service-providing,1807.3999999999999,1516.3999999999999,291.0,0.5437751970636019
2014,Q02,Total private,2059585.0,1764559.0,295026.0,0.53857412273178
2014,Q02,Transportation and warehousing,66.2,58.2,8.0,0.5321543408360129
2014,Q02,Utilities,2.4,2.4,0.0,0.5
2014,Q02,Wholesale trade,83.4,110.7,-27.299999999999997,0.42967542503863987
2014,Q03,Construction,160.9,148.5,12.400000000000006,0.5200387847446671
2014,Q03,Education and health services,287.8,264.0,23.80000000000001,0.5215657847046031
2014,Q03,Financial activities,116.2,129.7,-13.499999999999986,0.47254981699878007
2014,Q03,Goods-producing,248.9,243.9,5.0,0.505073051948052
2014,Q03,Information,43.4,42.4,1.0,0.5058275058275058
2014,Q03,Leisure and hospitality,364.4,275.3,89.09999999999997,0.5696420196967328
2014,Q03,Manufacturing,56.6,71.4,-14.800000000000004,0.4421875
2014,Q03,Natural resources and mining,43.6,35.5,8.100000000000001,0.5512010113780026
2014,Q03,Other services (except public administration),90.6,96.0,-5.400000000000006,0.4855305466237942
2014,Q03,Professional and business services,356.5,377.2,-20.69999999999999,0.48589341692789967
2014,Q03,Retail trade,213.5,190.9,22.599999999999994,0.527942631058358
2014,Q03,Service-providing,1794.3,1528.4,265.89999999999986,0.5400126403226292
2014,Q03,Total private,2048903.6,1779633.7,269269.90000000014,0.5351661586266901
2014,Q03,Transportation and warehousing,58.6,62.1,-3.5,0.4855012427506214
2014,Q03,Utilities,2.4,2.4,0.0,0.5
2014,Q03,Wholesale trade,82.2,105.4,-23.200000000000003,0.4381663113006396
2014,Q04,Construction,150.5,145.29999999999998,5.200000000000017,0.508789722785666
2014,Q04,Education and health services,276.9,245.7,31.19999999999999,0.5298507462686568
2014,Q04,Financial activities,128.8,128.7,0.10000000000002274,0.5001941747572816
2014,Q04,Goods-producing,229.7,233.70000000000002,-4.000000000000028,0.4956840742339232
2014,Q04,Information,47.5,46.2,1.2999999999999972,0.5069370330843116
2014,Q04,Leisure and hospitality,383.5,267.2,116.30000000000001,0.5893652989088674
2014,Q04,Manufacturing,50.2,62.6,-12.399999999999999,0.4450354609929078
2014,Q04,Natural resources and mining,40.3,37.2,3.0999999999999943,0.52
2014,Q04,Other services (except public administration),84.2,93.7,-9.5,0.47329960652051717
2014,Q04,Professional and business services,373.1,364.7,8.400000000000034,0.5056925996204934
2014,Q04,Retail trade,210.4,173.5,36.900000000000006,0.5480593904662673
2014,Q04,Service-providing,1835.5,1453.0,382.5,0.5581572145355025
2014,Q04,Total private,2076443.2,1693279.7,383163.5,0.5508211757421215
2014,Q04,Transportation and warehousing,53.8,52.8,1.0,0.5046904315196998
2014,Q04,Utilities,2.4,2.4,0.0,0.5
2014,Q04,Wholesale trade,81.10000000000001,95.9,-14.799999999999997,0.45819209039548026
2015,Q01,Construction,175.29999999999998,166.4,8.899999999999977,0.5130231196956394
2015,Q01,Education and health services,311.4,362.5,-51.10000000000002,0.4620863629618638
2015,Q01,Financial activities,147.3,154.7,-7.399999999999977,0.48774834437086095
2015,Q01,Goods-producing,268.3,275.6,-7.300000000000011,0.4932892075749218
2015,Q01,Information,45.2,62.7,-17.5,0.4189063948100093
2015,Q01,Leisure and hospitality,417.4,292.4,125.0,0.5880529726683573
2015,Q01,Manufacturing,61.9,81.39999999999999,-19.499999999999993,0.4319609211444522
2015,Q01,Natural resources and mining,43.5,41.3,2.200000000000003,0.5129716981132075
2015,Q01,Other services (except public administration),108.6,100.2,8.399999999999991,0.5201149425287356
2015,Q01,Professional and business services,425.0,425.2,-0.19999999999998863,0.49988238061632556
2015,Q01,Retail trade,225.8,229.5,-3.6999999999999886,0.49593674500329454
2015,Q01,Service-providing,1989.0,1793.3999999999999,195.60000000000014,0.5258565989847717
2015,Q01,Total private,2258107.3,2069438.6,188668.69999999972,0.5217985787279574
2015,Q01,Transportation and warehousing,66.5,61.4,5.100000000000001,0.5199374511336982
2015,Q01,Utilities,2.4,3.6,-1.2000000000000002,0.39999999999999997
2015,Q01,Wholesale trade,97.9,118.2,-20.299999999999997,0.4530310041647385
2015,Q02,Construction,177.7,147.2,30.5,0.5469375192366882
2015,Q02,Education and health services,283.09999999999997,264.2,18.899999999999977,0.517266581399598
2015,Q02,Financial activities,128.7,131.8,-3.1000000000000227,0.49404990403071014
2015,Q02,Goods-producing,267.4,244.79999999999998,22.599999999999994,0.5220616946505272
2015,Q02,Information,45.3,44.5,0.7999999999999972,0.5044543429844098
2015,Q02,Leisure and hospitality,415.4,259.8,155.59999999999997,0.6152251184834122
2015,Q02,Manufacturing,59.6,69.9,-10.300000000000004,0.46023166023166023
2015,Q02,Natural resources and mining,42.5,39.3,3.200000000000003,0.519559902200489
2015,Q02,Other services (except public administration),106.3,96.9,9.399999999999991,0.5231299212598426
2015,Q02,Professional and business services,402.6,415.6,-13.0,0.4920557320948423
2015,Q02,Retail trade,218.8,195.9,22.900000000000006,0.527610320713769
2015,Q02,Service-providing,1890.8,1563.6,327.20000000000005,0.5473598888374248
2015,Q02,Total private,2154192.9,1814022.0,340170.8999999999,0.5428619553845231
2015,Q02,Transportation and warehousing,64.0,57.4,6.600000000000001,0.5271828665568369
2015,Q02,Utilities,2.4,2.4,0.0,0.5
2015,Q02,Wholesale trade,86.5,108.6,-22.099999999999994,0.4433623782675551
2015,Q03,Construction,162.8,150.3,12.5,0.5199616735867135
2015,Q03,Education and health services,306.4,270.3,36.099999999999966,0.5312987688572914
2015,Q03,Financial activities,122.4,128.7,-6.299999999999983,0.48745519713261654
2015,Q03,Goods-producing,245.0,254.1,-9.099999999999994,0.4908835904628331
2015,Q03,Information,46.3,44.2,2.0999999999999943,0.5116022099447514
2015,Q03,Leisure and hospitality,387.7,266.9,120.80000000000001,0.5922700886037275
2015,Q03,Manufacturing,55.6,72.2,-16.6,0.43505477308294205
2015,Q03,Natural resources and mining,38.3,43.5,-5.200000000000003,0.46821515892420534
2015,Q03,Other services (except public administration),92.6,101.2,-8.600000000000009,0.4778121775025799
2015,Q03,Professional and business services,410.40000000000003,369.1,41.30000000000001,0.5264913406029507
2015,Q03,Retail trade,226.70000000000002,189.9,36.80000000000001,0.5441670667306769
2015,Q03,Service-providing,1939.7,1528.5,411.20000000000005,0.5592814716567672
2015,Q03,Total private,2189892.4,1789624.0,400268.3999999999,0.5502910856203532
2015,Q03,Transportation and warehousing,70.1,64.0,6.099999999999994,0.5227442207307978
2015,Q03,Utilities,2.4,2.4,0.0,0.5
2015,Q03,Wholesale trade,83.2,104.4,-21.200000000000003,0.4434968017057569
2015,Q04,Construction,164.9,148.20000000000002,16.69999999999999,0.5266687959118492
2015,Q04,Education and health services,301.4,252.79999999999998,48.599999999999994,0.5438469866474197
2015,Q04,Financial activities,138.1,128.5,9.599999999999994,0.5180045011252813
2015,Q04,Goods-producing,247.1,245.9,1.1999999999999886,0.5012170385395538
2015,Q04,Information,49.0,48.2,0.7999999999999972,0.5041152263374485
2015,Q04,Leisure and hospitality,417.09999999999997,263.9,153.2,0.6124816446402349
2015,Q04,Manufacturing,55.6,67.9,-12.300000000000004,0.4502024291497976
2015,Q04,Natural resources and mining,38.3,41.5,-3.200000000000003,0.4799498746867168
2015,Q04,Other services (except public administration),90.5,89.5,1.0,0.5027777777777778
2015,Q04,Professional and business services,421.7,357.8,63.89999999999998,0.540987812700449
2015,Q04,Retail trade,220.6,208.7,11.900000000000006,0.513859771721407
2015,Q04,Service-providing,1968.1,1511.2,456.89999999999986,0.5656597591469548
2015,Q04,Total private,2217158.5,1752181.4,464977.1000000001,0.5585710863410815
2015,Q04,Transportation and warehousing,62.4,63.8,-1.3999999999999986,0.4944532488114105
2015,Q04,Utilities,2.4,2.4,0.0,0.5
2015,Q04,Wholesale trade,80.2,102.0,-21.799999999999997,0.4401756311745335
2016,Q01,Construction,170.8,164.1,6.700000000000017,0.51000298596596
2016,Q01,Education and health services,332.0,276.9,55.10000000000002,0.5452455247167023
2016,Q01,Financial activities,148.2,153.8,-5.600000000000023,0.49072847682119203
2016,Q01,Goods-producing,265.1,278.5,-13.399999999999977,0.4876747608535688
2016,Q01,Information,50.2,63.1,-12.899999999999999,0.4430714916151809
2016,Q01,Leisure and hospitality,380.7,282.3,98.39999999999998,0.57420814479638
2016,Q01,Manufacturing,65.9,82.6,-16.69999999999999,0.4437710437710438
2016,Q01,Natural resources and mining,40.5,45.5,-5.0,0.47093023255813954
2016,Q01,Other services (except public administration),106.3,98.1,8.200000000000003,0.5200587084148729
2016,Q01,Professional and business services,401.5,433.4,-31.899999999999977,0.4808959156785244
2016,Q01,Retail trade,219.7,213.20000000000002,6.499999999999972,0.5075075075075075
2016,Q01,Service-providing,1935.8999999999999,1723.2,212.69999999999982,0.5290645240632942
2016,Q01,Total private,2194517.5,1992892.6,201624.8999999999,0.5240751317861129
2016,Q01,Transportation and warehousing,64.8,75.5,-10.700000000000003,0.4618674269422665
2016,Q01,Utilities,3.6,2.4,1.2000000000000002,0.6
2016,Q01,Wholesale trade,89.7,128.5,-38.8,0.4110907424381302
2016,Q02,Construction,175.3,148.2,27.100000000000023,0.541885625965997
2016,Q02,Education and health services,311.5,276.0,35.5,0.5302127659574468
2016,Q02,Financial activities,125.5,136.9,-11.400000000000006,0.4782774390243903
2016,Q02,Goods-producing,261.3,247.79999999999998,13.500000000000028,0.5132586918090748
2016,Q02,Information,52.0,59.3,-7.299999999999997,0.4672057502246182
2016,Q02,Leisure and hospitality,420.2,261.8,158.39999999999998,0.6161290322580645
2016,Q02,Manufacturing,57.6,73.2,-15.600000000000001,0.4403669724770642
2016,Q02,Natural resources and mining,40.6,37.6,3.0,0.5191815856777494
2016,Q02,Other services (except public administration),104.2,89.5,14.700000000000003,0.5379452762003099
2016,Q02,Professional and business services,377.1,390.3,-13.199999999999989,0.4913995308835027
2016,Q02,Retail trade,212.5,175.5,37.0,0.5476804123711341
2016,Q02,Service-providing,1904.7,1550.5,354.20000000000005,0.5512560777957861
2016,Q02,Total private,2161685.3,1797062.2,364623.09999999986,0.5460528361558801
2016,Q02,Transportation and warehousing,63.9,61.8,2.1000000000000014,0.5083532219570406
2016,Q02,Utilities,2.4,2.4,0.0,0.5
2016,Q02,Wholesale trade,85.6,104.7,-19.10000000000001,0.4498160798738833
2016,Q03,Construction,179.0,156.5,22.5,0.533532041728763
2016,Q03,Education and health services,240.6,285.4,-44.79999999999998,0.4574144486692015
2016,Q03,Financial activities,125.5,130.6,-5.099999999999994,0.49004295197188597
2016,Q03,Goods-producing,262.1,263.1,-1.0,0.49904798172124903
2016,Q03,Information,48.1,48.9,-0.7999999999999972,0.49587628865979383
2016,Q03,Leisure and hospitality,404.7,287.1,117.59999999999997,0.5849956634865568
2016,Q03,Manufacturing,56.6,79.3,-22.699999999999996,0.41648270787343633
2016,Q03,Natural resources and mining,38.5,39.6,-1.1000000000000014,0.49295774647887325
2016,Q03,Other services (except public administration),97.7,104.4,-6.700000000000003,0.48342404750123696
2016,Q03,Professional and business services,372.7,386.2,-13.5,0.4911055475029648
2016,Q03,Retail trade,220.5,212.0,8.5,0.5098265895953757
2016,Q03,Service-providing,1896.5,1620.6,275.9000000000001,0.5392226550282904
2016,Q03,Total private,2164953.3,1898081.0,266872.2999999998,0.532841502224089
2016,Q03,Transportation and warehousing,66.4,68.8,-2.3999999999999915,0.49112426035502965
2016,Q03,Utilities,2.4,2.4,0.0,0.5
2016,Q03,Wholesale trade,77.10000000000001,102.5,-25.39999999999999,0.4292873051224944
2016,Q04,Construction,154.5,145.0,9.5,0.5158597662771286
2016,Q04,Education and health services,327.7,311.0,16.69999999999999,0.5130734304055111
2016,Q04,Financial activities,137.0,126.5,10.5,0.5199240986717267
2016,Q04,Goods-producing,238.8,237.7,1.1000000000000227,0.5011542497376705
2016,Q04,Information,46.8,45.0,1.7999999999999972,0.5098039215686274
2016,Q04,Leisure and hospitality,414.0,269.5,144.5,0.6057059253840527
2016,Q04,Manufacturing,55.6,65.9,-10.300000000000004,0.4576131687242799
2016,Q04,Natural resources and mining,40.5,38.4,2.1000000000000014,0.5133079847908745
2016,Q04,Other services (except public administration),91.5,90.5,1.0,0.5027472527472527
2016,Q04,Professional and business services,372.0,354.6,17.399999999999977,0.5119735755573905
2016,Q04,Retail trade,204.2,178.5,25.69999999999999,0.5335772145283512
2016,Q04,Service-providing,1911.8,1528.4,383.39999999999986,0.5557235044474159
2016,Q04,Total private,2151720.1,1761860.8,389859.30000000005,0.549808514243311
2016,Q04,Transportation and warehousing,73.0,60.699999999999996,12.300000000000004,0.5459985041136874
2016,Q04,Utilities,2.4,2.4,0.0,0.5
2016,Q04,Wholesale trade,79.10000000000001,93.1,-13.999999999999986,0.459349593495935
2017,Q01,Construction,175.2,161.8,13.399999999999977,0.5198813056379822
2017,Q01,Education and health services,324.5,282.0,42.5,0.5350370981038747
2017,Q01,Financial activities,134.8,153.6,-18.799999999999983,0.4674063800277393
2017,Q01,Goods-producing,268.3,271.40000000000003,-3.1000000000000227,0.4971280340930146
2017,Q01,Information,55.6,62.9,-7.299999999999997,0.46919831223628694
2017,Q01,Leisure and hospitality,410.0,274.8,135.2,0.5987149532710281
2017,Q01,Manufacturing,60.9,82.6,-21.699999999999996,0.424390243902439
2017,Q01,Natural resources and mining,44.9,39.6,5.299999999999997,0.5313609467455621
2017,Q01,Other services (except public administration),103.2,104.4,-1.2000000000000028,0.49710982658959535
2017,Q01,Professional and business services,402.6,439.0,-36.39999999999998,0.4783745247148289
2017,Q01,Retail trade,218.7,213.20000000000002,5.499999999999972,0.5063672146330169
2017,Q01,Service-providing,1970.8999999999999,1721.1000000000001,249.79999999999973,0.5338299024918742
2017,Q01,Total private,2238165.0,1983503.2,254661.80000000005,0.5301612760567019
2017,Q01,Transportation and warehousing,61.7,68.2,-6.5,0.4749807544264819
2017,Q01,Utilities,2.4,3.6,-1.2000000000000002,0.39999999999999997
2017,Q01,Wholesale trade,95.0,118.0,-23.0,0.4460093896713615
2017,Q02,Construction,189.6,145.9,43.69999999999999,0.5651266766020864
2017,Q02,Education and health services,307.2,297.7,9.5,0.5078525376095222
2017,Q02,Financial activities,134.0,141.1,-7.099999999999994,0.48709560159941834
2017,Q02,Goods-producing,281.4,247.79999999999998,33.599999999999994,0.5317460317460317
2017,Q02,Information,54.8,51.8,3.0,0.5140712945590994
2017,Q02,Leisure and hospitality,441.4,278.6,162.79999999999995,0.6130555555555556
2017,Q02,Manufacturing,59.6,73.2,-13.600000000000001,0.44879518072289154
2017,Q02,Natural resources and mining,44.9,40.7,4.199999999999996,0.5245327102803738
2017,Q02,Other services (except public administration),108.5,98.10000000000001,10.399999999999991,0.5251694094869312
2017,Q02,Professional and business services,394.3,371.9,22.400000000000034,0.5146175933176717
2017,Q02,Retail trade,209.5,224.3,-14.800000000000011,0.48294144767173813
2017,Q02,Service-providing,1910.5,1634.7,275.79999999999995,0.5388976644477039
2017,Q02,Total private,2195717.8,1878468.9,317248.8999999999,0.5389340159595534
2017,Q02,Transportation and warehousing,63.8,64.8,-1.0,0.49611197511664074
2017,Q02,Utilities,2.4,2.4,0.0,0.5
2017,Q02,Wholesale trade,87.6,103.3,-15.700000000000003,0.45887899423782086
2017,Q03,Construction,165.7,153.3,12.399999999999977,0.519435736677116
2017,Q03,Education and health services,314.3,302.5,11.800000000000011,0.5095654993514916
2017,Q03,Financial activities,131.8,138.1,-6.299999999999983,0.48832901074472035
2017,Q03,Goods-producing,250.0,256.09999999999997,-6.099999999999966,0.4939735230191662
2017,Q03,Information,62.7,50.5,12.200000000000003,0.553886925795053
2017,Q03,Leisure and hospitality,413.0,300.1,112.89999999999998,0.5791614079371757
2017,Q03,Manufacturing,55.6,75.2,-19.6,0.42507645259938837
2017,Q03,Natural resources and mining,40.5,39.5,1.0,0.50625
2017,Q03,Other services (except public administration),100.10000000000001,103.4,-3.299999999999997,0.4918918918918919
2017,Q03,Professional and business services,380.1,397.3,-17.19999999999999,0.4889374839207615
2017,Q03,Retail trade,212.5,217.3,-4.800000000000011,0.4944160074453234
2017,Q03,Service-providing,1873.3999999999999,1681.0,192.39999999999986,0.5270650461399955
2017,Q03,Total private,2120460.7,1943330.9,177129.80000000028,0.5217936618600226
2017,Q03,Transportation and warehousing,71.8,63.699999999999996,8.100000000000001,0.5298892988929889
2017,Q03,Utilities,2.4,2.4,0.0,0.5
2017,Q03,Wholesale trade,83.6,105.6,-22.0,0.4418604651162791
2017,Q04,Construction,165.7,141.8,23.899999999999977,0.5388617886178861
2017,Q04,Education and health services,304.2,282.1,22.099999999999966,0.5188470066518848
2017,Q04,Financial activities,139.2,134.9,4.299999999999983,0.5078438526085369
2017,Q04,Goods-producing,246.0,231.6,14.400000000000006,0.5150753768844221
2017,Q04,Information,51.5,45.6,5.899999999999999,0.5303810504634398
2017,Q04,Leisure and hospitality,402.9,284.0,118.89999999999998,0.586548260299898
2017,Q04,Manufacturing,53.5,65.9,-12.400000000000006,0.448073701842546
2017,Q04,Natural resources and mining,38.3,35.2,3.0999999999999943,0.5210884353741496
2017,Q04,Other services (except public administration),89.5,92.7,-3.200000000000003,0.49121844127332603
2017,Q04,Professional and business services,372.1,367.6,4.5,0.5030417736920373
2017,Q04,Retail trade,191.1,173.5,17.599999999999994,0.5241360394953373
2017,Q04,Service-providing,1886.7,1537.2,349.5,0.5510382896696749
2017,Q04,Total private,2139586.3,1776441.6,363144.6999999997,0.5463664597486652
2017,Q04,Transportation and warehousing,76.4,65.7,10.700000000000003,0.5376495425756509
2017,Q04,Utilities,2.4,2.4,0.0,0.5
2017,Q04,Wholesale trade,77.10000000000001,95.9,-18.799999999999997,0.4456647398843931
2018,Q01,Construction,198.0,168.0,30.0,0.5409836065573771
2018,Q01,Education and health services,357.5,289.3,68.19999999999999,0.5527210884353742
2018,Q01,Financial activities,154.7,164.0,-9.300000000000011,0.4854094759962347
2018,Q01,Goods-producing,292.8,273.3,19.5,0.5172231054583996
2018,Q01,Information,60.6,62.1,-1.5,0.4938875305623472
2018,Q01,Leisure and hospitality,415.3,291.3,124.0,0.5877441268044155
2018,Q01,Manufacturing,69.5,80.6,-11.099999999999994,0.4630246502331779
2018,Q01,Natural resources and mining,38.4,37.4,1.0,0.5065963060686016
2018,Q01,Other services (except public administration),117.8,107.6,10.200000000000003,0.5226264418811003
2018,Q01,Professional and business services,449.4,438.1,11.299999999999955,0.5063661971830986
2018,Q01,Retail trade,201.5,210.20000000000002,-8.700000000000017,0.48943405392275924
2018,Q01,Service-providing,1990.8999999999999,1745.3,245.5999999999999,0.5328676195064503
2018,Q01,Total private,2294763.0,2015366.4,279396.6000000001,0.5324116255071135
2018,Q01,Transportation and warehousing,73.0,66.0,7.0,0.5251798561151079
2018,Q01,Utilities,2.4,2.4,0.0,0.5
2018,Q01,Wholesale trade,99.1,124.4,-25.30000000000001,0.44340044742729307
2018,Q02,Construction,202.3,159.3,43.0,0.5594579646017699
2018,Q02,Education and health services,350.3,301.5,48.80000000000001,0.5374347959496779
2018,Q02,Financial activities,148.4,148.20000000000002,0.19999999999998863,0.5003371544167229
2018,Q02,Goods-producing,300.0,261.0,39.0,0.5347593582887701
2018,Q02,Information,58.9,56.5,2.3999999999999986,0.5103986135181975
2018,Q02,Leisure and hospitality,436.7,294.2,142.5,0.597482555753181
2018,Q02,Manufacturing,62.2,75.2,-13.0,0.45269286754002913
2018,Q02,Natural resources and mining,48.9,38.3,10.600000000000001,0.5607798165137615
2018,Q02,Other services (except public administration),117.0,99.9,17.099999999999994,0.5394190871369294
2018,Q02,Professional and business services,429.9,408.5,21.399999999999977,0.5127624045801527
2018,Q02,Retail trade,227.8,207.9,19.900000000000006,0.522836814321781
2018,Q02,Service-providing,1999.1,1669.8,329.29999999999995,0.5448772111532068
2018,Q02,Total private,2297458.3,1927212.3,370245.99999999977,0.5438195110406951
2018,Q02,Transportation and warehousing,78.1,62.4,15.699999999999996,0.5558718861209964
2018,Q02,Utilities,2.4,2.4,0.0,0.5
2018,Q02,Wholesale trade,91.8,107.6,-15.799999999999997,0.4603811434302909
2018,Q03,Construction,182.0,163.6,18.400000000000006,0.5266203703703703
2018,Q03,Education and health services,328.4,305.5,22.899999999999977,0.5180627859283798
2018,Q03,Financial activities,144.20000000000002,151.6,-7.399999999999977,0.48749154834347536
2018,Q03,Goods-producing,270.3,265.09999999999997,5.2000000000000455,0.5048561822936123
2018,Q03,Information,56.3,56.8,-0.5,0.497789566755084
2018,Q03,Leisure and hospitality,421.2,296.2,125.0,0.5871201561193198
2018,Q03,Manufacturing,63.9,76.2,-12.300000000000004,0.45610278372591007
2018,Q03,Natural resources and mining,36.2,37.3,-1.0999999999999943,0.49251700680272115
2018,Q03,Other services (except public administration),105.10000000000001,106.6,-1.4999999999999858,0.49645725082664155
2018,Q03,Professional and business services,422.9,394.3,28.599999999999966,0.5174987763093489
2018,Q03,Retail trade,205.3,261.6,-56.30000000000001,0.4397087170700364
2018,Q03,Service-providing,1894.5,1729.0,165.5,0.5228370360149027
2018,Q03,Total private,2174509.5,1994889.4,179620.1000000001,0.5215402872581945
2018,Q03,Transportation and warehousing,76.4,65.5,10.900000000000006,0.5384073291050036
2018,Q03,Utilities,2.4,2.4,0.0,0.5
2018,Q03,Wholesale trade,94.8,110.7,-15.900000000000006,0.46131386861313867
2018,Q04,Construction,178.1,150.0,28.099999999999994,0.5428223102712587
2018,Q04,Education and health services,308.9,279.1,29.799999999999955,0.5253401360544218
2018,Q04,Financial activities,151.8,140.8,11.0,0.518796992481203
2018,Q04,Goods-producing,265.3,247.7,17.600000000000023,0.5171539961013646
2018,Q04,Information,57.9,53.9,4.0,0.5178890876565295
2018,Q04,Leisure and hospitality,409.2,296.0,113.19999999999999,0.5802609188882586
2018,Q04,Manufacturing,60.9,74.0,-13.100000000000001,0.45144551519644177
2018,Q04,Natural resources and mining,38.3,35.2,3.0999999999999943,0.5210884353741496
2018,Q04,Other services (except public administration),99.9,101.9,-2.0,0.4950445986124876
2018,Q04,Professional and business services,432.3,377.8,54.5,0.5336378224910505
2018,Q04,Retail trade,182.4,194.7,-12.299999999999983,0.48369132856006364
2018,Q04,Service-providing,1877.6,1584.3,293.29999999999995,0.5423611311707445
2018,Q04,Total private,2142475.8,1836469.3,306006.49999999977,0.5384532196737271
2018,Q04,Transportation and warehousing,99.9,64.9,35.0,0.6061893203883495
2018,Q04,Utilities,2.4,2.4,0.0,0.5
2018,Q04,Wholesale trade,88.6,95.9,-7.300000000000011,0.48021680216802165
2019,Q01,Construction,194.4,177.1,17.30000000000001,0.5232839838492598
2019,Q01,Education and health services,372.2,324.2,48.0,0.5344629523262493
2019,Q01,Financial activities,155.6,168.1,-12.5,0.4806919987642879
2019,Q01,Goods-producing,286.6,284.6,2.0,0.501750700280112
2019,Q01,Information,63.6,66.4,-2.8000000000000043,0.48923076923076925
2019,Q01,Leisure and hospitality,406.0,297.2,108.80000000000001,0.5773606370875995
2019,Q01,Manufacturing,65.2,81.6,-16.39999999999999,0.444141689373297
2019,Q01,Natural resources and mining,39.5,38.4,1.1000000000000014,0.5070603337612323
2019,Q01,Other services (except public administration),121.0,107.6,13.400000000000006,0.5293088363954506
2019,Q01,Professional and business services,456.6,455.5,1.1000000000000227,0.5006030040565728
2019,Q01,Retail trade,201.5,225.4,-23.900000000000006,0.47200749590067936
2019,Q01,Service-providing,2016.1,1812.3999999999999,203.70000000000005,0.5266031082669452
2019,Q01,Total private,2308488.6,2091351.3,217137.30000000005,0.5246755910368466
2019,Q01,Transportation and warehousing,87.5,73.8,13.700000000000003,0.5424674519528828
2019,Q01,Utilities,3.6,2.4,1.2000000000000002,0.6
2019,Q01,Wholesale trade,97.1,119.6,-22.5,0.44808491001384404
2019,Q02,Construction,193.7,169.6,24.099999999999994,0.5331681805670245
2019,Q02,Education and health services,329.4,322.5,6.899999999999977,0.5052922227335481
2019,Q02,Financial activities,153.5,148.3,5.199999999999989,0.5086149768058317
2019,Q02,Goods-producing,289.8,272.2,17.600000000000023,0.5156583629893239
2019,Q02,Information,60.8,55.4,5.399999999999999,0.5232358003442341
2019,Q02,Leisure and hospitality,416.2,303.1,113.09999999999997,0.5786181009314612
2019,Q02,Manufacturing,68.2,79.5,-11.299999999999997,0.4617467840216656
2019,Q02,Natural resources and mining,40.5,35.2,5.299999999999997,0.535006605019815
2019,Q02,Other services (except public administration),114.7,104.3,10.400000000000006,0.5237442922374429
2019,Q02,Professional and business services,436.2,405.7,30.5,0.5181137902363702
2019,Q02,Retail trade,201.5,247.70000000000002,-46.20000000000002,0.44857524487978623
2019,Q02,Service-providing,1935.7,1745.0,190.70000000000005,0.5259053984296466
2019,Q02,Total private,2224658.0,2016504.0,208154.0,0.5245397369871747
2019,Q02,Transportation and warehousing,88.5,73.4,15.099999999999994,0.5466337245213094
2019,Q02,Utilities,2.4,2.4,0.0,0.5
2019,Q02,Wholesale trade,91.9,110.8,-18.89999999999999,0.45337937839171194
2019,Q03,Construction,178.9,163.3,15.599999999999994,0.5227936879018118
2019,Q03,Education and health services,337.4,310.4,27.0,0.5208397653596789
2019,Q03,Financial activities,146.20000000000002,147.1,-0.8999999999999773,0.49846573474258443
2019,Q03,Goods-producing,261.2,257.0,4.199999999999989,0.5040524893863373
2019,Q03,Information,63.699999999999996,55.3,8.399999999999999,0.5352941176470588
2019,Q03,Leisure and hospitality,408.0,318.4,89.60000000000002,0.5616740088105727
2019,Q03,Manufacturing,55.800000000000004,70.2,-14.399999999999999,0.4428571428571429
2019,Q03,Natural resources and mining,38.3,35.1,3.1999999999999957,0.5217983651226157
2019,Q03,Other services (except public administration),103.10000000000001,107.4,-4.299999999999997,0.48978622327790977
2019,Q03,Professional and business services,411.6,398.3,13.300000000000011,0.5082108902333621
2019,Q03,Retail trade,189.3,214.3,-25.0,0.46902874132804756
2019,Q03,Service-providing,1872.3999999999999,1702.8,169.5999999999999,0.5237189527858581
2019,Q03,Total private,2139246.8,1965696.3,173550.49999999977,0.5211392089697906
2019,Q03,Transportation and warehousing,94.8,69.3,25.5,0.5776965265082267
2019,Q03,Utilities,2.4,2.4,0.0,0.5
2019,Q03,Wholesale trade,88.8,104.6,-15.799999999999997,0.45915201654601867
2019,Q04,Construction,170.7,160.5,10.199999999999989,0.5153985507246377
2019,Q04,Education and health services,357.0,315.3,41.69999999999999,0.531012940651495
2019,Q04,Financial activities,163.1,131.5,31.599999999999994,0.553632043448744
2019,Q04,Goods-producing,260.3,259.2,1.1000000000000227,0.5010587102983638
2019,Q04,Information,63.3,49.4,13.899999999999999,0.5616681455190772
2019,Q04,Leisure and hospitality,421.5,326.5,95.0,0.5635026737967914
2019,Q04,Manufacturing,60.2,69.2,-9.0,0.4652241112828439
2019,Q04,Natural resources and mining,41.5,41.5,0.0,0.5
2019,Q04,Other services (except public administration),110.60000000000001,105.3,5.300000000000011,0.5122742010189903
2019,Q04,Professional and business services,442.6,392.1,50.5,0.5302503893614472
2019,Q04,Retail trade,196.6,187.7,8.900000000000006,0.5115794951860526
2019,Q04,Service-providing,2020.2,1649.7,370.5,0.5504782146652497
2019,Q04,Total private,2273429.8,1915776.4,357653.3999999999,0.5426874905322159
2019,Q04,Transportation and warehousing,113.9,67.8,46.10000000000001,0.6268574573472758
2019,Q04,Utilities,2.4,2.4,0.0,0.5
2019,Q04,Wholesale trade,83.5,97.2,-13.700000000000003,0.46209186496956284
2020,Q01,Construction,184.0,180.5,3.5,0.50480109739369
2020,Q01,Education and health services,503.8,321.6,182.2,0.6103707293433486
2020,Q01,Financial activities,152.3,166.0,-13.699999999999989,0.47847942192899784
2020,Q01,Goods-producing,275.2,298.9,-23.69999999999999,0.4793589966904721
2020,Q01,Information,61.0,68.6,-7.599999999999994,0.47067901234567905
2020,Q01,Leisure and hospitality,381.7,338.6,43.099999999999966,0.5299180896848535
2020,Q01,Manufacturing,64.9,91.2,-26.299999999999997,0.41575912876361304
2020,Q01,Natural resources and mining,38.4,40.5,-2.1000000000000014,0.4866920152091254
2020,Q01,Other services (except public administration),127.2,127.9,-0.7000000000000028,0.49862798902391214
2020,Q01,Professional and business services,444.1,471.70000000000005,-27.600000000000023,0.48493120768726794
2020,Q01,Retail trade,177.2,226.5,-49.30000000000001,0.4389398067872182
2020,Q01,Service-providing,2060.7000000000003,1921.8,138.90000000000032,0.5174387947269304
2020,Q01,Total private,2342208.5,2211781.2,130427.29999999981,0.5143201136357423
2020,Q01,Transportation and warehousing,79.4,99.0,-19.599999999999994,0.44506726457399104
2020,Q01,Utilities,2.4,2.4,0.0,0.5
2020,Q01,Wholesale trade,88.7,124.8,-36.099999999999994,0.41545667447306794
2020,Q02,Construction,160.2,179.7,-19.5,0.471315092674316
2020,Q02,Education and health services,299.4,409.40000000000003,-110.00000000000006,0.4224040632054176
2020,Q02,Financial activities,137.0,164.1,-27.099999999999994,0.45499833942211887
2020,Q02,Goods-producing,242.5,304.5,-62.0,0.443327239488117
2020,Q02,Information,54.2,69.9,-15.700000000000003,0.4367445608380338
2020,Q02,Leisure and hospitality,202.6,733.0,-530.4,0.2165455322787516
2020,Q02,Manufacturing,57.6,99.3,-41.699999999999996,0.367112810707457
2020,Q02,Natural resources and mining,34.9,39.5,-4.600000000000001,0.4690860215053763
2020,Q02,Other services (except public administration),90.8,203.0,-112.2,0.30905377808032675
2020,Q02,Professional and business services,421.1,504.4,-83.29999999999995,0.45499729875742845
2020,Q02,Retail trade,139.6,270.4,-130.79999999999998,0.34048780487804875
2020,Q02,Service-providing,1538.9,2541.9,-1003.0,0.3771074299157028
2020,Q02,Total private,1773538.3,2857242.7,-1083704.4000000001,0.3829890249614482
2020,Q02,Transportation and warehousing,84.6,99.1,-14.5,0.46053347849755033
2020,Q02,Utilities,2.4,2.4,0.0,0.5
2020,Q02,Wholesale trade,79.2,128.7,-49.499999999999986,0.380952380952381
2020,Q03,Construction,169.9,142.8,27.099999999999994,0.5433322673488966
2020,Q03,Education and health services,337.5,300.5,37.0,0.5289968652037618
2020,Q03,Financial activities,152.0,156.6,-4.599999999999994,0.49254698639014904
2020,Q03,Goods-producing,255.1,235.6,19.5,0.519869574077848
2020,Q03,Information,71.8,55.1,16.699999999999996,0.565799842395587
2020,Q03,Leisure and hospitality,309.9,272.2,37.69999999999999,0.5323827521044494
2020,Q03,Manufacturing,61.2,66.2,-5.0,0.4803767660910518
2020,Q03,Natural resources and mining,34.9,38.5,-3.6000000000000014,0.4754768392370572
2020,Q03,Other services (except public administration),117.9,97.7,20.200000000000003,0.5468460111317254
2020,Q03,Professional and business services,485.59999999999997,386.5,99.09999999999997,0.556816878798303
2020,Q03,Retail trade,173.5,172.9,0.5999999999999943,0.5008660508083141
2020,Q03,Service-providing,1878.3,1580.0,298.29999999999995,0.5431281265361594
2020,Q03,Total private,2137436.4,1821412.1,316024.2999999998,0.5399136642889971
2020,Q03,Transportation and warehousing,108.3,68.2,40.099999999999994,0.6135977337110481
2020,Q03,Utilities,2.4,2.4,0.0,0.5
2020,Q03,Wholesale trade,79.3,98.6,-19.299999999999997,0.44575604272062963
2020,Q04,Construction,163.6,132.3,31.299999999999983,0.5528894896924637
2020,Q04,Education and health services,343.4,281.9,61.5,0.5491763953302415
2020,Q04,Financial activities,174.9,137.7,37.20000000000002,0.5595009596928983
2020,Q04,Goods-producing,247.2,212.20000000000002,34.99999999999997,0.5380931649978232
2020,Q04,Information,79.2,52.1,27.1,0.6031987814166032
2020,Q04,Leisure and hospitality,313.1,226.9,86.20000000000002,0.5798148148148149
2020,Q04,Manufacturing,62.2,59.9,2.3000000000000043,0.5094185094185094
2020,Q04,Natural resources and mining,33.2,31.1,2.1000000000000014,0.5163297045101088
2020,Q04,Other services (except public administration),103.1,91.1,12.0,0.5308959835221422
2020,Q04,Professional and business services,519.1,351.2,167.90000000000003,0.5964609904630588
2020,Q04,Retail trade,180.6,207.9,-27.30000000000001,0.46486486486486484
2020,Q04,Service-providing,2085.8,1476.1,609.7000000000003,0.5855863443667706
2020,Q04,Total private,2322933.6,1677133.9,645799.7000000002,0.5807236002892452
2020,Q04,Transportation and warehousing,209.8,60.6,149.20000000000002,0.775887573964497
2020,Q04,Utilities,3.6,3.6,0.0,0.5
2020,Q04,Wholesale trade,86.8,86.60000000000001,0.19999999999998863,0.5005767012687428
2021,Q01,Construction,196.8,156.9,39.900000000000006,0.556403731976251
2021,Q01,Education and health services,394.3,311.5,82.80000000000001,0.5586568432983848
2021,Q01,Financial activities,186.1,166.8,19.299999999999983,0.5273448568999717
2021,Q01,Goods-producing,299.2,262.9,36.30000000000001,0.5322896281800392
2021,Q01,Information,83.5,61.7,21.799999999999997,0.575068870523416
2021,Q01,Leisure and hospitality,340.4,201.4,138.99999999999997,0.6282761166482097
2021,Q01,Manufacturing,80.2,80.6,-0.3999999999999915,0.4987562189054726
2021,Q01,Natural resources and mining,35.4,37.5,-2.1000000000000014,0.48559670781893
2021,Q01,Other services (except public administration),124.0,95.1,28.900000000000006,0.5659516202647193
2021,Q01,Professional and business services,560.0,432.70000000000005,127.29999999999995,0.564118061851516
2021,Q01,Retail trade,216.29999999999998,183.6,32.69999999999999,0.5408852213053263
2021,Q01,Service-providing,2157.3,1607.8,549.5000000000002,0.5729728294069214
2021,Q01,Total private,2465215.5,1864757.8,600457.7,0.5693373444127242
2021,Q01,Transportation and warehousing,103.1,70.6,32.5,0.5935521013241221
2021,Q01,Utilities,3.6,2.4,1.2000000000000002,0.6
2021,Q01,Wholesale trade,98.7,105.5,-6.799999999999997,0.4833496571988247
2021,Q02,Construction,205.2,141.4,63.79999999999998,0.5920369301788805
2021,Q02,Education and health services,380.2,276.5,103.69999999999999,0.5789553829754834
2021,Q02,Financial activities,195.7,159.4,36.29999999999998,0.5511123627147282
2021,Q02,Goods-producing,305.3,226.4,78.9,0.5741959751739703
2021,Q02,Information,104.4,58.4,46.00000000000001,0.6412776412776413
2021,Q02,Leisure and hospitality,447.4,193.8,253.59999999999997,0.6977542108546475
2021,Q02,Manufacturing,77.4,65.8,11.600000000000009,0.5405027932960895
2021,Q02,Natural resources and mining,36.3,30.1,6.199999999999996,0.5466867469879517
2021,Q02,Other services (except public administration),141.1,96.10000000000001,44.999999999999986,0.5948566610455313
2021,Q02,Professional and business services,593.9,403.2,190.7,0.5956273192257547
2021,Q02,Retail trade,217.6,160.1,57.5,0.5761186126555468
2021,Q02,Service-providing,2368.2999999999997,1491.3,876.9999999999998,0.6136128096175769
2021,Q02,Total private,2670302.2,1713399.8,956902.4000000001,0.6091431853716335
2021,Q02,Transportation and warehousing,110.8,65.0,45.8,0.6302616609783844
2021,Q02,Utilities,2.4,2.4,0.0,0.5
2021,Q02,Wholesale trade,101.0,92.9,8.099999999999994,0.5208870551830841
2021,Q03,Construction,196.70000000000002,163.4,33.30000000000001,0.5462371563454597
2021,Q03,Education and health services,388.2,307.8,80.39999999999998,0.5577586206896552
2021,Q03,Financial activities,194.4,169.0,25.400000000000006,0.53494771601541
2021,Q03,Goods-producing,297.0,259.09999999999997,37.900000000000034,0.5340766049271715
2021,Q03,Information,100.7,66.4,34.3,0.6026331538001196
2021,Q03,Leisure and hospitality,433.8,238.9,194.9,0.6448639809722015
2021,Q03,Manufacturing,79.5,72.0,7.5,0.5247524752475248
2021,Q03,Natural resources and mining,34.2,35.3,-1.0999999999999943,0.49208633093525184
2021,Q03,Other services (except public administration),137.7,113.0,24.69999999999999,0.549262066214599
2021,Q03,Professional and business services,604.8,442.0,162.79999999999995,0.5777607948032097
2021,Q03,Retail trade,216.5,170.4,46.099999999999994,0.5595761178599121
2021,Q03,Service-providing,2389.0,1666.9,722.0999999999999,0.5890184669247269
2021,Q03,Total private,2684456.2,1930259.4,754196.8000000003,0.5817164984121665
2021,Q03,Transportation and warehousing,126.8,69.6,57.2,0.6456211812627292
2021,Q03,Utilities,8.7,2.4,6.299999999999999,0.7837837837837838
2021,Q03,Wholesale trade,105.0,103.39999999999999,1.6000000000000085,0.5038387715930903
2021,Q04,Construction,187.4,153.9,33.5,0.5490770583064752
2021,Q04,Education and health services,485.8,312.2,173.60000000000002,0.6087719298245614
2021,Q04,Financial activities,217.2,161.4,55.79999999999998,0.5736925515055467
2021,Q04,Goods-producing,283.7,249.9,33.79999999999998,0.531671664167916
2021,Q04,Information,106.2,72.8,33.400000000000006,0.5932960893854748
2021,Q04,Leisure and hospitality,415.4,270.2,145.2,0.6058926487747959
2021,Q04,Manufacturing,73.89999999999999,72.3,1.5999999999999943,0.5054719562243501
2021,Q04,Natural resources and mining,35.3,35.3,0.0,0.5
2021,Q04,Other services (except public administration),133.3,103.2,30.10000000000001,0.5636363636363637
2021,Q04,Professional and business services,611.8,446.7,165.09999999999997,0.5779877184695323
2021,Q04,Retail trade,203.2,161.29999999999998,41.900000000000006,0.5574759945130315
2021,Q04,Service-providing,2621.9,1674.7,947.2,0.6102266908718521
2021,Q04,Total private,2899872.4,1919154.0,980718.3999999999,0.6017548274896356
2021,Q04,Transportation and warehousing,221.4,67.5,153.9,0.766355140186916
2021,Q04,Utilities,9.9,3.6,6.300000000000001,0.7333333333333334
2021,Q04,Wholesale trade,103.7,91.9,11.799999999999997,0.5301635991820041
2022,Q01,Construction,212.0,181.1,30.900000000000006,0.5393029763418977
2022,Q01,Education and health services,409.4,340.3,69.09999999999997,0.5460851007069494
2022,Q01,Financial activities,207.4,216.5,-9.099999999999994,0.4892663364000944
2022,Q01,Goods-producing,325.3,294.8,30.5,0.5245928076116755
2022,Q01,Information,105.5,96.10000000000001,9.399999999999991,0.523313492063492
2022,Q01,Leisure and hospitality,423.90000000000003,298.8,125.10000000000002,0.5865504358655044
2022,Q01,Manufacturing,86.60000000000001,87.0,-0.3999999999999915,0.4988479262672811
2022,Q01,Natural resources and mining,40.6,40.3,0.30000000000000426,0.5018541409147095
2022,Q01,Other services (except public administration),142.4,120.2,22.200000000000003,0.5422696115765423
2022,Q01,Professional and business services,638.7,543.2,95.5,0.5404010491581352
2022,Q01,Retail trade,200.8,184.8,16.0,0.520746887966805
2022,Q01,Service-providing,2494.1,1992.8,501.29999999999995,0.5558626223004748
2022,Q01,Total private,2828085.4,2282161.7,545923.6999999997,0.5534146088552157
2022,Q01,Transportation and warehousing,100.6,81.8,18.799999999999997,0.5515350877192983
2022,Q01,Utilities,9.9,2.4,7.5,0.8048780487804877
2022,Q01,Wholesale trade,110.9,120.2,-9.299999999999997,0.47987884032886197
2022,Q02,Construction,205.6,176.5,29.099999999999994,0.5380790369013346
2022,Q02,Education and health services,420.5,564.3,-143.79999999999995,0.42699025182778233
2022,Q02,Financial activities,200.3,184.29999999999998,16.00000000000003,0.5208008320332813
2022,Q02,Goods-producing,313.1,284.2,28.900000000000034,0.5241921982253475
2022,Q02,Information,105.1,74.0,31.099999999999994,0.586823003908431
2022,Q02,Leisure and hospitality,454.2,308.40000000000003,145.79999999999995,0.5955940204563336
2022,Q02,Manufacturing,83.2,85.8,-2.5999999999999943,0.49230769230769234
2022,Q02,Natural resources and mining,37.4,34.3,3.1000000000000014,0.5216178521617852
2022,Q02,Other services (except public administration),141.2,133.6,7.599999999999994,0.5138282387190685
2022,Q02,Professional and business services,629.3,499.3,129.99999999999994,0.5575934786461102
2022,Q02,Retail trade,206.8,177.6,29.200000000000017,0.5379812695109262
2022,Q02,Service-providing,2551.2,2123.6,427.5999999999999,0.5457345768802944
2022,Q02,Total private,2847871.7,2401977.6,445894.1000000001,0.5424673237763225
2022,Q02,Transportation and warehousing,102.6,84.8,17.799999999999997,0.5474919957310566
2022,Q02,Utilities,17.0,2.4,14.6,0.8762886597938145
2022,Q02,Wholesale trade,104.4,108.3,-3.8999999999999915,0.49083215796897045
2022,Q03,Construction,187.70000000000002,183.70000000000002,4.0,0.5053850296176629
2022,Q03,Education and health services,406.1,400.6,5.5,0.5034089500433866
2022,Q03,Financial activities,179.4,195.8,-16.400000000000006,0.47814498933901917
2022,Q03,Goods-producing,287.5,295.4,-7.899999999999977,0.49322353748498887
2022,Q03,Information,94.9,85.0,9.900000000000006,0.5275152862701501
2022,Q03,Leisure and hospitality,435.8,348.09999999999997,87.70000000000005,0.5559382574307947
2022,Q03,Manufacturing,75.89999999999999,88.8,-12.900000000000006,0.46083788706739526
2022,Q03,Natural resources and mining,36.3,35.3,1.0,0.5069832402234636
2022,Q03,Other services (except public administration),132.7,131.6,1.0999999999999943,0.5020809685962921
2022,Q03,Professional and business services,576.2,535.1,41.10000000000002,0.5184918563844146
2022,Q03,Retail trade,201.70000000000002,184.9,16.80000000000001,0.5217278841179513
2022,Q03,Service-providing,2387.5,2078.0,309.5,0.534654573955884
2022,Q03,Total private,2667390.8,2387275.8,280115.0,0.5277085535176543
2022,Q03,Transportation and warehousing,94.6,89.2,5.3999999999999915,0.5146898803046789
2022,Q03,Utilities,8.4,2.4,6.0,0.7777777777777778
2022,Q03,Wholesale trade,97.1,109.6,-12.5,0.4697629414610547
2022,Q04,Construction,183.6,179.5,4.099999999999994,0.5056458275957036
2022,Q04,Education and health services,419.6,361.0,58.60000000000002,0.5375352293107866
2022,Q04,Financial activities,193.0,183.6,9.400000000000006,0.5124800849707912
2022,Q04,Goods-producing,283.3,285.2,-1.8999999999999773,0.4983289357959543
2022,Q04,Information,86.0,78.2,7.799999999999997,0.5237515225334958
2022,Q04,Leisure and hospitality,432.8,322.8,110.0,0.5727898358920064
2022,Q04,Manufacturing,75.6,83.4,-7.800000000000011,0.4754716981132075
2022,Q04,Natural resources and mining,36.2,34.1,2.1000000000000014,0.5149359886201991
2022,Q04,Other services (except public administration),124.2,116.6,7.6000000000000085,0.5157807308970099
2022,Q04,Professional and business services,571.2,491.1,80.10000000000002,0.5377012143462299
2022,Q04,Retail trade,198.6,176.7,21.900000000000006,0.5291766586730616
2022,Q04,Service-providing,2419.6,1925.4,494.1999999999998,0.5568699654775604
2022,Q04,Total private,2699629.5,2206015.9,493613.6000000001,0.5503107705257294
2022,Q04,Transportation and warehousing,114.39999999999999,94.6,19.799999999999997,0.5473684210526315
2022,Q04,Utilities,15.600000000000001,3.6,12.000000000000002,0.8125
2022,Q04,Wholesale trade,93.8,101.9,-8.100000000000009,0.4793050587634134
2023,Q01,Construction,208.4,196.6,11.800000000000011,0.514567901234568
2023,Q01,Education and health services,423.5,382.3,41.19999999999999,0.5255646562422438
2023,Q01,Financial activities,185.2,231.2,-46.0,0.4447646493756004
2023,Q01,Goods-producing,324.0,322.3,1.6999999999999886,0.5013151787095776
2023,Q01,Information,83.9,93.6,-9.699999999999989,0.4726760563380282
2023,Q01,Leisure and hospitality,431.7,328.2,103.5,0.5681010659297276
2023,Q01,Manufacturing,89.5,98.5,-9.0,0.47606382978723405
2023,Q01,Natural resources and mining,39.4,41.3,-1.8999999999999986,0.48822800495662955
2023,Q01,Other services (except public administration),140.1,130.7,9.400000000000006,0.5173559822747416
2023,Q01,Professional and business services,613.4,624.5,-11.100000000000023,0.49551660069472486
2023,Q01,Retail trade,205.9,193.1,12.800000000000011,0.5160401002506266
2023,Q01,Service-providing,2414.4,2209.7,204.70000000000027,0.5221340368936658
2023,Q01,Total private,2747790.1,2529506.4,218283.7000000002,0.5206813943465182
2023,Q01,Transportation and warehousing,107.1,94.9,12.199999999999989,0.5301980198019802
2023,Q01,Utilities,17.9,3.6,14.299999999999999,0.8325581395348837
2023,Q01,Wholesale trade,104.3,132.8,-28.500000000000014,0.4398987768873892
2023,Q02,Construction,201.4,183.5,17.900000000000006,0.5232527929332295
2023,Q02,Education and health services,430.6,355.7,74.90000000000003,0.5476281317563272
2023,Q02,Financial activities,167.9,184.4,-16.5,0.4765824581322736
2023,Q02,Goods-producing,311.8,287.3,24.5,0.5204473376731764
2023,Q02,Information,82.8,83.60000000000001,-0.8000000000000114,0.4975961538461538
2023,Q02,Leisure and hospitality,481.1,313.5,167.60000000000002,0.6054618676063428
2023,Q02,Manufacturing,81.0,84.9,-3.9000000000000057,0.488245931283906
2023,Q02,Natural resources and mining,42.6,30.9,11.700000000000003,0.5795918367346939
2023,Q02,Other services (except public administration),134.9,116.9,18.0,0.5357426528991263
2023,Q02,Professional and business services,564.6,537.7,26.899999999999977,0.5122017599564547
2023,Q02,Retail trade,206.7,186.9,19.799999999999983,0.5251524390243902
2023,Q02,Service-providing,2387.0,1982.6,404.4000000000001,0.546274258513365
2023,Q02,Total private,2696446.3,2264256.9,432189.3999999999,0.5435613039699695
2023,Q02,Transportation and warehousing,90.1,92.5,-2.4000000000000057,0.4934282584884994
2023,Q02,Utilities,15.3,2.4,12.9,0.864406779661017
2023,Q02,Wholesale trade,93.8,104.2,-10.400000000000006,0.47373737373737373
2023,Q03,Construction,179.4,185.8,-6.400000000000006,0.4912376779846659
2023,Q03,Education and health services,437.4,384.1,53.299999999999955,0.5324406573341448
2023,Q03,Financial activities,164.7,192.6,-27.900000000000006,0.4609571788413099
2023,Q03,Goods-producing,280.2,304.6,-24.400000000000034,0.4791381668946649
2023,Q03,Information,79.60000000000001,83.10000000000001,-3.5,0.4892440073755378
2023,Q03,Leisure and hospitality,429.40000000000003,343.7,85.70000000000005,0.5554262061829001
2023,Q03,Manufacturing,74.7,94.2,-19.5,0.4422735346358792
2023,Q03,Natural resources and mining,38.3,37.3,1.0,0.5066137566137566
2023,Q03,Other services (except public administration),121.9,129.4,-7.5,0.4850775964982093
2023,Q03,Professional and business services,512.7,546.9,-34.19999999999993,0.4838618346545867
2023,Q03,Retail trade,187.3,224.6,-37.29999999999998,0.45472201990774463
2023,Q03,Service-providing,2235.4,2103.9,131.5,0.5151522134906552
2023,Q03,Total private,2511649.7,2414365.2,97284.5,0.5098745641228166
2023,Q03,Transportation and warehousing,94.3,94.8,-0.5,0.4986779481755685
2023,Q03,Utilities,15.1,2.4,12.7,0.8628571428571429
2023,Q03,Wholesale trade,91.6,110.4,-18.80000000000001,0.4534653465346534
